time,open,high,low,close,precio_mean,precio_std,volume,ticket_mean,n_trans,n_traders,rango,rango_pct,cambio,cambio_pct,es_verde,volatilidad,spread,spread_pct
2024-09-09,10.1,10.45,10.05,10.22,10.211519,0.053640116,374421.81928634644,720.0419601660508,520,129,0.39999962,3.9603922,0.119999886,1.1881176,1,0.52529025,0.07999992,0.7889539
2024-09-10,10.12,10.39,10.01,10.24,10.197376,0.0466979,700665.1885871887,769.1165626643125,911,181,0.3800001,3.7549417,0.119999886,1.1857696,1,0.45794034,0.06000042,0.5859416
2024-09-11,10.38,10.85,10.17,10.5,10.465152,0.11731764,621110.4153022766,697.093619867875,891,201,0.6800003,6.551062,0.119999886,1.1560682,1,1.1210314,0.09000015,0.8571443
2024-09-12,10.51,10.88,10.36,10.74,10.626226,0.101350866,671839.2217082977,726.3126721170786,925,205,0.52000046,4.9476733,0.22999954,2.1883874,1,0.9537804,0.10999966,1.0348039
2024-09-13,10.73,10.95,10.5,10.61,10.744025,0.06423656,749177.4757194519,844.6194765720991,887,167,0.4499998,4.193847,-0.119999886,-1.1183587,0,0.5978817,0.09000015,0.84825784
2024-09-14,10.61,10.8,10.26,10.43,10.575993,0.08352179,494630.13918304443,629.3004315305909,786,133,0.53999996,5.0895376,-0.17999935,-1.6965067,0,0.7897301,0.119999886,1.1505262
2024-09-15,10.53,10.8,10.31,10.54,10.527672,0.07842062,413350.47976493835,633.002266102509,653,126,0.48999977,4.6533694,0.010000229,0.09496894,1,0.7448999,0.09000015,0.8538914
2024-09-16,10.65,10.74,10.3,10.41,10.488411,0.06272218,630415.6310596466,715.5682531891562,881,170,0.43999958,4.1314516,-0.23999977,-2.253519,0,0.5980141,0.17000008,1.6330458
2024-09-17,10.42,10.8,10.38,10.63,10.551573,0.060491554,798462.1807785034,848.5251655456997,941,183,0.42000008,4.0307107,0.21000004,2.0153553,1,0.57329416,0.069999695,0.6628759
2024-09-18,10.5,10.76,10.41,10.56,10.578426,0.04351859,651672.1222934723,743.0696947474029,877,181,0.35000038,3.3333368,0.06000042,0.5714326,1,0.41139004,0.059999466,0.56817675
2024-09-19,10.53,10.79,10.35,10.63,10.563665,0.044743232,751943.3026847839,832.7168357528061,903,183,0.43999958,4.1785336,0.10000038,0.9496713,1,0.42355782,0.119999886,1.1417686
2024-09-20,10.58,10.69,10.35,10.51,10.531706,0.04213793,650720.1224060059,754.8957336496587,862,173,0.3399992,3.213603,-0.069999695,-0.6616228,0,0.40010545,0.05000019,0.47573918
2024-09-21,10.51,10.65,10.33,10.46,10.50114,0.044102646,395081.5188961029,555.6702094178662,711,139,0.3199997,3.0447164,-0.05000019,-0.47573918,0,0.41997963,0.07999992,0.7648176
2024-09-22,10.45,10.65,10.41,10.55,10.50454,0.03860991,313547.49862480164,523.4515836808041,599,122,0.23999977,2.2966485,0.10000038,0.9569415,1,0.3675545,0.07000065,0.66794515
2024-09-23,10.54,10.63,10.3,10.49,10.516645,0.03781592,670774.8585929871,698.7238110343616,960,175,0.32999992,3.1309292,-0.05000019,-0.4743851,0,0.3595816,0.07000065,0.6673084
2024-09-24,10.49,10.63,10.38,10.53,10.522537,0.035040226,535308.2903900146,675.8943060479983,792,148,0.25,2.3832223,0.03999996,0.38131517,1,0.33300167,0.10000038,0.9496713
2024-09-25,10.61,10.7,10.4,10.64,10.558889,0.034271076,740931.8512001038,784.0548689948188,945,188,0.3000002,2.827523,0.030000687,0.2827586,1,0.32457086,0.09000015,0.853082
2024-09-26,10.55,10.85,10.42,10.61,10.609169,0.049822133,716331.2361297607,762.8660661658794,939,198,0.4300003,4.0758324,0.059999466,0.5687153,1,0.4696139,0.07000065,0.6597611
2024-09-27,10.6,10.83,10.4,10.57,10.615615,0.058219645,744203.7465019226,795.9398358309332,935,197,0.4300003,4.0566063,-0.030000687,-0.28302535,0,0.548434,0.06000042,0.5676483
2024-09-28,10.55,10.7,10.41,10.59,10.562263,0.04136217,599032.6581745148,728.750192426417,822,164,0.28999996,2.7488148,0.03999996,0.37914655,1,0.39160332,0.07999992,0.7611791
2024-09-29,10.59,10.7,10.41,10.54,10.556603,0.03515103,328389.76847076416,566.1892559840761,580,130,0.28999996,2.738432,-0.05000019,-0.47214535,0,0.33297673,0.05000019,0.4743851
2024-09-30,10.53,10.7,10.35,10.48,10.540046,0.04647383,661571.9059276581,745.8533325001782,887,187,0.34999943,3.3238313,-0.05000019,-0.47483566,0,0.44092628,0.06000042,0.5725231
2024-10-01,10.53,10.66,10.3,10.51,10.454638,0.04994532,808991.0201015472,750.4554917454057,1078,191,0.35999966,3.4188004,-0.019999504,-0.18992881,0,0.47773364,0.07999992,0.7670175
2024-10-02,10.43,10.7,10.3,10.46,10.485194,0.05407265,860381.482000351,815.52747109038,1055,215,0.39999962,3.8350873,0.029999733,0.28762928,1,0.5157048,0.09000015,0.86042213
2024-10-03,10.55,10.65,10.4,10.55,10.531431,0.037105743,585524.7270069122,639.9177344337838,915,192,0.25,2.3696682,0.0,0.0,1,0.35233334,0.07000065,0.66794515
2024-10-04,10.55,10.62,10.31,10.35,10.496834,0.04183919,656884.4468326569,688.5581203696613,954,195,0.30999947,2.9383833,-0.19999981,-1.8957328,0,0.39858866,0.15999985,1.5458922
2024-10-05,10.55,10.59,10.31,10.4,10.450469,0.039019857,571653.4723052979,706.6173946913447,809,156,0.27999973,2.6540258,-0.15000057,-1.4218063,0,0.373379,0.09000015,0.8653861
2024-10-06,10.48,10.57,10.31,10.43,10.436151,0.036066692,404492.3270339966,574.562964536927,704,127,0.25999928,2.4809093,-0.049999237,-0.47709197,0,0.34559384,0.049999237,0.47937906
2024-10-07,10.47,10.59,10.25,10.49,10.436876,0.038796376,754721.9870910645,765.4381207820127,986,214,0.34000015,3.2473748,0.019999504,0.19101723,1,0.371724,0.069999695,0.67178214
2024-10-08,10.43,10.65,10.28,10.53,10.483369,0.042963743,692316.5672492981,672.1520070381534,1030,201,0.3699999,3.547458,0.09999943,0.95876724,1,0.40982765,0.03999996,0.38131517
2024-10-09,10.56,10.72,10.42,10.61,10.537419,0.03720455,680936.0432605743,692.0081740452991,984,227,0.3000002,2.840911,0.049999237,0.4734776,1,0.3530708,0.07999992,0.7597334
2024-10-10,10.57,10.73,10.4,10.56,10.557264,0.033934437,636662.7213115692,696.5675287872748,914,195,0.32999992,3.122043,-0.009999275,-0.09460052,0,0.3214321,0.049999237,0.4734776
2024-10-11,10.6,10.67,10.4,10.58,10.562856,0.033481065,598602.3039016724,665.1136710018582,900,189,0.27000046,2.547174,-0.020000458,-0.18868355,0,0.3169698,0.059999466,0.5703371
2024-10-12,10.52,10.62,10.41,10.55,10.521349,0.037664775,467311.8801288605,623.9143926954079,749,169,0.21000004,1.9961979,0.029999733,0.28516856,1,0.35798427,0.07999992,0.76408714
2024-10-13,10.54,10.62,10.42,10.57,10.513876,0.032180473,379709.41683769226,588.6967702909958,645,134,0.19999981,1.8975314,0.029999733,0.28462744,1,0.3060762,0.069999695,0.66666377
2024-10-14,10.5,10.7,10.4,10.57,10.528456,0.03359971,850822.9244918823,853.3830737130214,997,196,0.3000002,2.8571448,0.069999695,0.66666377,1,0.31913236,0.03999996,0.3798667
2024-10-15,10.53,10.71,10.42,10.58,10.5390625,0.03208102,749071.9375972748,723.7410025094442,1035,211,0.28999996,2.7540357,0.05000019,0.47483566,1,0.30440107,0.05000019,0.47483566
2024-10-16,10.58,10.69,10.41,10.53,10.550889,0.031093264,749936.4661903381,793.583562106178,945,187,0.27999973,2.6465003,-0.05000019,-0.47259158,0,0.29469806,0.06000042,0.56980455
2024-10-17,10.54,10.7,10.46,10.62,10.574572,0.033081826,689771.6407814026,713.310900497831,967,199,0.23999977,2.2770376,0.07999992,0.7590126,1,0.31284317,0.09999943,0.9505648
2024-10-18,10.52,10.8,10.4,10.6,10.595418,0.037331887,717816.4493808746,810.1765794366531,886,179,0.40000057,3.8022864,0.07999992,0.76045555,1,0.35233992,0.06000042,0.56926394
2024-10-19,10.55,10.7,10.42,10.54,10.566247,0.031517584,444257.8613395691,601.9754218693348,738,160,0.27999973,2.6540258,-0.010000229,-0.0947889,0,0.2982855,0.05000019,0.4743851
2024-10-20,10.55,10.68,10.4,10.67,10.574806,0.03129044,323771.38213920593,481.80265199286595,672,127,0.2800007,2.6540349,0.119999886,1.1374396,1,0.29589614,0.10000038,0.9460774
2024-10-21,10.63,10.82,10.47,10.58,10.6048355,0.037869193,721261.422782898,743.5684770957711,970,197,0.34999943,3.2925627,-0.05000019,-0.47036865,0,0.35709363,0.069999695,0.6616228
2024-10-22,10.65,10.81,10.4,10.6,10.619889,0.032763343,818285.7535209656,828.2244468835684,988,198,0.4100008,3.8497727,-0.049999237,-0.4694764,0,0.30850926,0.059999466,0.56603265
2024-10-23,10.59,10.8,10.5,10.64,10.626172,0.03247681,720088.3379573822,740.8316234129446,972,201,0.3000002,2.8328629,0.05000019,0.47214535,1,0.30563036,0.05000019,0.47214535
2024-10-24,10.58,10.71,10.5,10.61,10.622786,0.031001147,658386.5831565857,767.3503300193306,858,182,0.21000004,1.9848775,0.029999733,0.28355137,1,0.29183632,0.05000019,0.47125536
2024-10-25,10.66,10.75,10.5,10.61,10.63273,0.031246273,607256.1875591278,687.7193517090915,883,176,0.25,2.3452158,-0.05000019,-0.46904498,0,0.29386878,0.05000019,0.47125536
2024-10-26,10.59,10.72,10.5,10.64,10.615081,0.031737324,532464.9754676819,715.6787304673144,744,150,0.22000027,2.077434,0.05000019,0.47214535,1,0.29898334,0.06000042,0.5671117
2024-10-27,10.64,10.77,10.37,10.58,10.599439,0.03482688,366232.1387825012,555.7392090781506,659,117,0.40000057,3.759404,-0.06000042,-0.5639137,0,0.32857287,0.06000042,0.5671117
2024-10-28,10.6,10.78,10.4,10.68,10.583333,0.04176118,759109.6780605316,808.4235123115353,939,185,0.3800001,3.5849066,0.07999992,0.7547163,1,0.39459383,0.09000015,0.8498598
2024-10-29,10.56,10.81,10.4,10.6,10.617489,0.03454364,696542.7449169159,734.7497309250168,948,174,0.4100008,3.8825831,0.03999996,0.3787875,1,0.32534662,0.049999237,0.4716909
2024-10-30,10.65,10.84,10.51,10.58,10.620724,0.029483706,660523.986579895,734.7319094325862,899,173,0.32999992,3.0985909,-0.069999695,-0.6572741,0,0.2776054,0.06000042,0.5671117
2024-10-31,10.65,10.8,10.4,10.57,10.608361,0.03076744,724855.7500343323,751.9250519028343,964,204,0.40000057,3.7558742,-0.07999992,-0.751173,0,0.2900301,0.03999996,0.37842917
2024-11-01,10.62,10.7,10.47,10.55,10.5789,0.034960017,779856.0653171539,779.8560653171539,1000,170,0.22999954,2.1657207,-0.069999695,-0.6591308,0,0.33046928,0.059999466,0.5687153
2024-11-02,10.52,10.69,10.45,10.63,10.561114,0.038611237,533037.5112876892,639.1337065799631,834,145,0.23999977,2.2813666,0.10999966,1.045624,1,0.36559814,0.10999966,1.045624
2024-11-03,10.52,10.69,10.35,10.59,10.553135,0.035080522,349794.22147750854,496.162016280154,705,130,0.3399992,3.2319314,0.069999695,0.66539633,1,0.33241802,0.06000042,0.56980455
2024-11-04,10.53,10.75,10.35,10.5,10.517163,0.043818727,872794.7860107422,773.7542429173246,1128,217,0.39999962,3.798667,-0.029999733,-0.28489774,0,0.4166402,0.06000042,0.5714326
2024-11-05,10.54,10.7,10.34,10.55,10.51649,0.036433395,911812.9661064148,818.5035602391515,1114,199,0.35999966,3.4155567,0.010000229,0.09487883,1,0.34644064,0.05000019,0.4761923
2024-11-06,10.55,10.7,10.4,10.47,10.518679,0.038439896,1003294.4700717926,883.9598855258084,1135,191,0.3000002,2.8436036,-0.07999992,-0.7582931,0,0.36544415,0.07999992,0.76408714
2024-11-07,10.55,10.64,10.31,10.54,10.498897,0.042902403,908770.4319324493,857.330596162688,1060,156,0.32999992,3.1279612,-0.010000229,-0.0947889,0,0.40863726,0.069999695,0.6685739
2024-11-08,10.54,10.63,10.3,10.3,10.495229,0.04746396,898857.3389797211,839.2692240707013,1071,159,0.32999992,3.1309292,-0.23999977,-2.2770376,0,0.4522432,0.25,2.4271843
2024-11-09,10.36,10.69,10.28,10.52,10.46168,0.05794344,828490.4022369385,854.1138167391118,970,148,0.40999985,3.9575274,0.1600008,1.5444094,1,0.5538636,0.24000072,2.3346374
2024-11-10,10.52,10.63,10.25,10.4,10.472275,0.05381212,648873.961605072,738.1956332253379,879,117,0.3800001,3.612168,-0.12000084,-1.1406924,0,0.51385325,0.12000084,1.1538543
2024-11-11,10.44,10.7,10.26,10.55,10.49237,0.06252919,1138171.8019065857,923.8407483008001,1232,186,0.43999958,4.2145553,0.11000061,1.0536457,1,0.5959492,0.19999981,1.9323653
2024-11-12,10.56,10.7,10.3,10.55,10.506337,0.05448494,966085.1866397858,875.8705227921902,1103,167,0.39999962,3.7878752,-0.010000229,-0.09469913,0,0.51859117,0.07999992,0.76408714
2024-11-13,10.47,10.78,10.3,10.55,10.546534,0.059376482,940145.1219711304,850.8100651322446,1105,179,0.47999954,4.5845227,0.07999992,0.76408714,1,0.56299525,0.09000015,0.853082
2024-11-14,10.54,10.76,10.4,10.64,10.584755,0.046642903,1076266.1463375092,928.6161745793867,1159,175,0.3600006,3.4155655,0.10000038,0.9487702,1,0.44066113,0.07999992,0.757575
2024-11-15,10.5,10.78,10.37,10.53,10.627123,0.0525186,940980.5070991516,820.3840515249796,1147,182,0.40999985,3.9047606,0.029999733,0.28571174,1,0.49419394,0.15999985,1.5194668
2024-11-16,10.56,10.8,10.35,10.42,10.607,0.055609927,716232.3927993774,753.9288345256605,950,143,0.4499998,4.2613616,-0.14000034,-1.3257608,0,0.5242757,0.23999977,2.3032608
2024-11-17,10.66,10.79,10.4,10.61,10.604403,0.05375393,495946.9629840851,688.8152263667848,720,89,0.39000034,3.6585398,-0.05000019,-0.46904498,0,0.50690204,0.06000042,0.5655082
2024-11-18,10.68,10.9,10.47,10.77,10.667079,0.059156373,975772.7508506775,899.3297242863387,1085,152,0.42999935,4.0262113,0.09000015,0.84269804,1,0.5545696,0.08000088,0.7483712
2024-11-19,10.78,11.09,10.6,10.94,10.818446,0.080548175,1050125.159198761,896.7763955582928,1171,176,0.48999977,4.5454526,0.15999985,1.4842286,1,0.74454474,0.03999996,0.36697212
2024-11-20,10.97,11.59,10.7,11.2,11.015987,0.13556586,1109859.4705753326,916.48180889788,1211,187,0.89000034,8.113039,0.22999954,2.096623,1,1.2306284,0.09999943,0.9008957
2024-11-21,11.2,11.75,10.89,11.63,11.332925,0.115934625,941165.9302082062,795.5755961185175,1183,185,0.85999966,7.6785684,0.4300003,3.8392887,1,1.0229895,0.069999695,0.6055337
2024-11-22,11.41,12.38,11.25,12.23,11.921955,0.20420294,1079795.4794883728,898.3323456642037,1202,176,1.1300001,9.903594,0.8199997,7.186676,1,1.7128309,0.42999935,3.6440623
2024-11-23,12.22,12.34,11.1,11.7,11.942245,0.22049055,912847.3201198578,871.8694557018699,1047,179,1.2399998,10.147297,-0.52000046,-4.255323,0,1.8463073,0.25,2.1834064
2024-11-24,11.59,12.1,10.82,11.91,11.723056,0.17654702,518916.29789733887,733.9693039566321,707,125,1.2800007,11.044009,0.3199997,2.7609982,1,1.5059812,0.15999985,1.3434076
2024-11-25,12.03,12.15,11.4,11.77,11.69603,0.13346834,964406.6356582642,890.4955084563843,1083,186,0.75,6.234414,-0.25999928,-2.1612575,0,1.1411422,0.24000072,2.0815327
2024-11-26,11.67,11.9,11.05,11.33,11.375331,0.14275424,906138.7200756073,896.2796439916987,1011,170,0.8499994,7.283628,-0.34000015,-2.9134545,0,1.2549458,0.069999695,0.6216669
2024-11-27,11.36,11.51,10.8,11.04,11.118682,0.101614326,885079.777715683,911.5136742694984,971,159,0.71000004,6.250001,-0.3199997,-2.8168988,0,0.9139062,0.10000038,0.9058005
2024-11-28,11.04,11.35,10.8,11.17,11.084042,0.07852727,893180.3402309418,882.5892690029069,1012,148,0.5500002,4.981886,0.13000011,1.1775372,1,0.7084715,0.10000038,0.9033458
2024-11-29,11.07,11.35,10.9,11.0,11.117744,0.074874796,860486.7389717102,792.345063509862,1086,168,0.45000076,4.0650477,-0.069999695,-0.6323369,0,0.6734711,0.14999962,1.3636329
2024-11-30,11.19,11.3,10.8,11.13,11.080758,0.06763556,899869.2839107513,862.7701667408929,1043,151,0.5,4.468275,-0.059999466,-0.5361883,0,0.61038744,0.10000038,0.90662175
2024-12-01,11.02,11.2,10.82,11.01,11.035399,0.075674795,684241.9094581604,650.4200660248673,1052,123,0.3800001,3.4482765,-0.010000229,-0.09074617,0,0.68574584,0.18999958,1.7257001
2024-12-02,11.19,11.25,10.8,10.99,11.037277,0.06431625,1288329.527584076,925.5240859081006,1392,180,0.4499998,4.021446,-0.19999981,-1.7873085,0,0.58271843,0.09000015,0.8189277
2024-12-03,10.98,11.25,10.83,11.01,11.046555,0.058759432,1157669.060125351,929.8546667673502,1245,167,0.42000008,3.8251374,0.030000687,0.2732303,1,0.53192544,0.03999996,0.36330572
2024-12-04,11.01,11.3,10.85,11.07,11.071475,0.054862943,1015664.6618862152,836.6265748650867,1214,163,0.4499998,4.0871916,0.059999466,0.5449543,1,0.49553415,0.06000042,0.5420092
2024-12-05,11.21,11.54,10.9,11.2,11.116047,0.071693465,1113563.433172226,959.1416306392988,1161,176,0.64000034,5.7091913,-0.010000229,-0.0892081,0,0.6449547,0.09999943,0.9008957
2024-12-06,11.15,11.31,10.9,11.15,11.11039,0.059401967,1134740.0956192017,961.6441488298319,1180,191,0.4100008,3.6771371,0.0,0.0,1,0.5346524,0.07999992,0.72267324
2024-12-07,11.07,11.3,10.85,11.1,11.089352,0.055466752,1010985.8397808075,922.4323355664302,1096,165,0.4499998,4.065039,0.030000687,0.2710089,1,0.5001803,0.07000065,0.6346387
2024-12-08,11.13,11.3,10.84,11.04,11.07087,0.04976516,747966.611404419,784.0320874260157,954,121,0.46000004,4.132974,-0.09000015,-0.8086267,0,0.44951445,0.07999992,0.724637
2024-12-09,11.12,11.25,10.83,11.03,11.059082,0.057775915,1281916.8344364166,1023.0780801567571,1253,176,0.42000008,3.776979,-0.09000015,-0.8093539,0,0.5224296,0.07000065,0.6346387
2024-12-10,10.94,11.27,10.83,11.03,11.054165,0.05157788,1274733.4769268036,946.3500199902031,1347,189,0.44000053,4.021943,0.09000015,0.8226706,1,0.46659228,0.07999992,0.725294
2024-12-11,11.14,11.25,10.85,11.11,11.0646,0.052297357,1078734.6343345642,927.5448274587826,1163,178,0.39999962,3.5906608,-0.030000687,-0.26930597,0,0.47265473,0.17999935,1.6468376
2024-12-12,11.11,11.34,10.85,11.09,11.05704,0.046828102,1079336.1681480408,882.5316174554708,1223,166,0.48999977,4.410439,-0.019999504,-0.18001355,0,0.42351392,0.06000042,0.5439748
2024-12-13,11.09,11.3,10.85,11.04,11.073394,0.049557332,994091.4979763031,944.9538954147367,1052,140,0.4499998,4.057708,-0.05000019,-0.45085832,0,0.4475352,0.069999695,0.6340552
2024-12-14,11.05,11.29,10.85,11.02,11.0684805,0.04992893,915190.9887752533,858.528132059337,1066,146,0.43999958,3.9818964,-0.029999733,-0.2714908,0,0.45109108,0.0899992,0.8166896
2024-12-15,11.11,11.28,10.85,11.05,11.065177,0.053725366,613247.1886234283,699.2556312695876,877,127,0.42999935,3.8703814,-0.059999466,-0.54004925,0,0.48553553,0.059999466,0.5429816
2024-12-16,10.92,11.3,10.85,11.1,11.052554,0.060013544,1209981.535320282,956.5071425456774,1265,187,0.4499998,4.1208773,0.1800003,1.6483543,1,0.54298353,0.10000038,0.9090944
2024-12-17,11.09,11.3,10.9,11.11,11.060548,0.04616446,1087256.2619953156,850.0830820917245,1279,200,0.40000057,3.606858,0.019999504,0.18033817,1,0.41737953,0.07999992,0.725294
2024-12-18,11.11,11.4,10.91,11.23,11.127329,0.08413494,970134.6622810364,802.4273467998646,1209,178,0.48999977,4.410439,0.119999886,1.0801071,1,0.7561108,0.059999466,0.5371483
2024-12-19,11.14,11.5,11.0,11.27,11.230616,0.07463767,1173594.0570869446,963.5419187905949,1218,188,0.5,4.4883304,0.13000011,1.1669668,1,0.6645911,0.09000015,0.80501026
2024-12-20,11.18,11.44,11.0,11.28,11.228885,0.06032197,984755.2797813416,864.5788233374377,1139,166,0.43999958,3.9355955,0.09999943,0.8944493,1,0.53720355,0.07999992,0.7142851
2024-12-21,11.19,11.44,10.91,11.15,11.167171,0.056063868,878898.1836566925,857.4616425918952,1025,161,0.52999973,4.7363696,-0.03999996,-0.3574617,0,0.5020418,0.069999695,0.6317662
2024-12-22,11.19,11.3,10.88,11.12,11.09382,0.0560326,695996.0133342743,813.0794548297597,856,115,0.42000008,3.7533522,-0.069999695,-0.6255558,0,0.50507945,0.069999695,0.6334814
2024-12-23,11.18,11.3,10.85,11.18,11.095468,0.060942817,1294549.5978679657,960.3483663708944,1348,171,0.4499998,4.025043,0.0,0.0,1,0.54925865,0.19000053,1.7288493
2024-12-24,11.0,11.3,10.87,11.25,11.0769,0.06259283,1203899.3889064789,1039.6367779848695,1158,159,0.4300003,3.9090936,0.25,2.2727273,1,0.56507534,0.21000004,1.9021742
2024-12-25,11.12,11.31,10.9,11.12,11.087053,0.0575956,512142.01235198975,673.871068884197,760,105,0.4100008,3.6870577,0.0,0.0,1,0.5194852,0.069999695,0.6334814
2024-12-26,11.12,11.35,10.86,11.13,11.083021,0.053143892,1167679.7638721466,928.203309914266,1258,165,0.49000072,4.4064813,0.010000229,0.08993012,1,0.47950727,0.069999695,0.63290864
2024-12-27,11.35,11.44,10.9,11.14,11.089293,0.051455855,1155284.4481563568,984.8972277547799,1173,166,0.53999996,4.7577085,-0.21000004,-1.8502206,0,0.46401387,0.06000042,0.54152
2024-12-28,11.14,11.33,10.87,11.24,11.085789,0.050621703,824836.6755275726,765.1546155172288,1078,155,0.46000004,4.1292644,0.09999943,0.897661,1,0.456636,0.17000008,1.5356828
2024-12-29,11.1,11.31,10.81,11.02,11.0808115,0.04931696,646886.3814048767,700.0934863689142,924,124,0.5,4.504504,-0.07999992,-0.72072,0,0.44506633,0.10999966,0.99818194
2024-12-30,11.03,11.29,10.85,11.12,11.070208,0.04512101,1351748.0367546082,965.5343119675773,1400,180,0.43999958,3.989117,0.09000015,0.8159579,1,0.40758955,0.21000004,1.92484
2024-12-31,11.03,11.47,10.88,11.15,11.076677,0.05730601,1020599.597328186,831.1071639480342,1228,164,0.59000015,5.3490496,0.119999886,1.0879409,1,0.5173574,0.0899992,0.8137359
2025-01-01,11.0,11.3,10.9,11.05,11.073758,0.060442228,379199.38735580444,531.836447904354,713,86,0.40000057,3.6363688,0.05000019,0.4545472,1,0.54581493,0.18999958,1.7194532
2025-01-02,11.2,11.32,10.9,11.14,11.077512,0.05362468,1195622.7073936462,901.6762499197936,1326,152,0.42000008,3.750001,-0.059999466,-0.5357095,0,0.48408598,0.09000015,0.81448096
2025-01-03,11.14,11.32,10.88,11.2,11.077693,0.057243474,1058904.2031021118,749.4014176235753,1413,166,0.43999958,3.9497268,0.059999466,0.53859484,1,0.51674545,0.18999958,1.7257001
2025-01-04,11.01,11.37,10.86,11.02,11.07731,0.05047695,932317.9811286926,764.8219697528241,1219,151,0.5100002,4.6321545,0.010000229,0.0908286,1,0.45567876,0.15999985,1.4519042
2025-01-05,11.11,11.25,10.9,11.22,11.078296,0.04795369,722391.3458404541,774.2672517046668,933,139,0.35000038,3.1503186,0.11000061,0.9901045,1,0.43286166,0.17000008,1.5384622
2025-01-06,10.97,11.37,10.85,11.05,11.0738945,0.05179802,1297461.5574417114,962.5085737698156,1348,180,0.5199995,4.740196,0.07999992,0.7292609,1,0.46774888,0.10999966,0.99547195
2025-01-07,11.11,11.35,10.87,11.13,11.0889,0.05289545,1169096.8733119965,911.9320384648959,1282,172,0.4800005,4.3204365,0.020000458,0.18002212,1,0.47701263,0.09000015,0.8152188
2025-01-08,11.13,11.4,10.96,11.18,11.169557,0.057380337,1220431.310098648,916.9281067608175,1331,181,0.43999958,3.9532754,0.05000019,0.44923803,1,0.5137208,0.119999886,1.0733442
2025-01-09,11.18,11.5,11.08,11.3,11.245414,0.0573668,1375068.0712432861,1063.4710527790303,1293,175,0.42000008,3.756709,0.119999886,1.0733442,1,0.51013505,0.07999992,0.71301174
2025-01-10,11.3,11.5,10.93,11.15,11.196022,0.07012337,1135881.6015872955,892.9886804931568,1272,175,0.5699997,5.044245,-0.15000057,-1.3274386,0,0.62632394,0.030000687,0.26906446
2025-01-11,11.15,11.32,10.91,11.12,11.15337,0.04730946,937941.4914112091,842.7147272337908,1113,173,0.40999985,3.6771286,-0.029999733,-0.2690559,0,0.4241719,0.10000038,0.89928406
2025-01-12,11.3,11.4,11.0,11.26,11.157995,0.05144016,635806.9934139252,763.2737015773412,833,109,0.39999962,3.5398197,-0.03999996,-0.35398194,0,0.46101618,0.15000057,1.3501402
2025-01-13,11.2,11.4,11.0,11.2,11.202893,0.051526982,1199502.6934871674,913.558791688627,1313,179,0.39999962,3.5714254,0.0,0.0,1,0.45994353,0.13999939,1.2658173
2025-01-14,11.12,11.45,10.95,11.17,11.214754,0.04427651,1230111.9558734894,974.7321361913545,1262,148,0.5,4.496403,0.05000019,0.44964203,1,0.3948059,0.07999992,0.71620345
2025-01-15,11.25,11.45,11.0,11.18,11.233923,0.049964707,1250862.8997325897,877.7985261281332,1425,177,0.4499998,3.9999983,-0.069999695,-0.6222195,0,0.4447663,0.18999958,1.6994596
2025-01-16,11.25,11.8,11.1,11.32,11.280542,0.054155562,1253805.1635551453,999.8446280344061,1254,168,0.6999998,6.2222204,0.069999695,0.6222195,1,0.4800794,0.17000008,1.5246644
2025-01-17,11.48,11.55,11.1,11.21,11.305303,0.053142957,1283837.275461197,971.1325835561247,1322,175,0.4499998,3.9198592,-0.2699995,-2.351912,0,0.47007105,0.119999886,1.0704718
2025-01-18,11.33,11.48,11.1,11.32,11.28586,0.051258974,1099598.1674442291,878.9753536724453,1251,149,0.37999916,3.3539202,-0.010000229,-0.08826327,0,0.45418757,0.10999966,0.98126364
2025-01-19,11.21,11.73,11.15,11.49,11.371612,0.082449265,946467.128446579,762.6648899650113,1241,137,0.5799999,5.173951,0.27999973,2.4977674,1,0.72504467,0.059999466,0.5249297
2025-01-20,11.31,12.0,11.15,11.42,11.370946,0.08685072,1326864.4191951752,944.3874869716549,1405,176,0.8500004,7.5154757,0.10999966,0.9725875,1,0.763795,0.1800003,1.6014264
2025-01-21,11.4,11.6,11.16,11.39,11.350275,0.055220198,1090194.3160629272,832.2094015747537,1310,144,0.44000053,3.859654,-0.009999275,-0.08771294,0,0.48650977,0.05000019,0.4409188
2025-01-22,11.22,11.55,11.12,11.2,11.302285,0.060687557,1082068.508966446,861.5195135083168,1256,154,0.4300003,3.8324447,-0.020000458,-0.1782572,0,0.5369494,0.119999886,1.0714276
2025-01-23,11.32,11.5,11.01,11.12,11.292194,0.05258073,1100559.703842163,914.8459716061207,1203,169,0.48999977,4.32862,-0.19999981,-1.7667828,0,0.4656378,0.2300005,2.0683498
2025-01-24,11.27,11.5,11.1,11.24,11.294782,0.04916031,1198026.912120819,986.0303803463531,1215,159,0.39999962,3.5492425,-0.030000687,-0.2661995,0,0.43524796,0.07999992,0.7117431
2025-01-25,11.27,11.5,11.12,11.12,11.28415,0.050704457,984547.1948947906,880.632553573158,1118,131,0.3800001,3.3717844,-0.15000057,-1.3309722,0,0.44934228,0.1800003,1.6187078
2025-01-26,11.3,11.5,11.12,11.33,11.2863455,0.04706042,727870.1033000946,815.9978736548146,892,104,0.3800001,3.362833,0.029999733,0.26548436,1,0.41696775,0.07999992,0.7111104
2025-01-27,11.36,11.54,11.1,11.25,11.2851305,0.046673466,1327038.634513855,1016.1092147885566,1306,164,0.43999958,3.8732357,-0.10999966,-0.9683069,0,0.41358373,0.03999996,0.3555552
2025-01-28,11.25,11.49,11.13,11.22,11.277878,0.03904634,1209090.9081077576,961.121548575324,1258,168,0.35999966,3.1999967,-0.029999733,-0.2666643,0,0.34622064,0.07999992,0.71301174
2025-01-29,11.3,11.5,11.12,11.32,11.281649,0.044060476,1162758.039844513,917.0016087101837,1268,172,0.3800001,3.362833,0.019999504,0.17698675,1,0.39055,0.09999943,0.89126045
2025-01-30,11.23,11.5,11.1,11.28,11.256906,0.047422316,1158876.685333252,894.194973250966,1296,165,0.39999962,3.5618846,0.05000019,0.4452377,1,0.4212731,0.059999466,0.5347546
2025-01-31,11.35,11.45,11.05,11.3,11.235153,0.04964969,1233595.6701469421,969.0460880965767,1273,171,0.39999962,3.5242255,-0.05000019,-0.4405303,0,0.44191378,0.15999985,1.4362643
2025-02-01,11.14,11.45,10.94,11.12,11.166062,0.07752227,1318131.58836174,897.9098013363352,1468,168,0.5100002,4.5780993,-0.020000458,-0.17953731,0,0.69426686,0.21000004,1.8884895
2025-02-02,11.12,11.42,10.91,11.24,11.172937,0.07069947,957794.2624931335,742.4761724752973,1290,138,0.5100002,4.5863333,0.119999886,1.0791357,1,0.63277423,0.09000015,0.8007132
2025-02-03,11.15,11.42,10.95,11.14,11.187444,0.063063286,1403338.4655570984,924.4653923301044,1518,175,0.47000027,4.215249,-0.009999275,-0.0896796,0,0.563697,0.059999466,0.53859484
2025-02-04,11.2,11.42,11.0,11.2,11.167795,0.056051373,1357076.4918613434,943.7249595697798,1438,183,0.42000008,3.750001,0.0,0.0,1,0.50190187,0.069999695,0.62892807
2025-02-05,11.25,11.42,10.85,11.1,11.165506,0.051969595,1237094.5170516968,864.4965178558328,1431,177,0.5699997,5.0666637,-0.14999962,-1.3333299,0,0.46544772,0.119999886,1.08108
2025-02-06,11.1,11.42,10.96,11.14,11.182519,0.051245518,1222718.7721309662,922.1106878815733,1326,172,0.46000004,4.1441445,0.03999996,0.36036,1,0.45826453,0.07999992,0.71813214
2025-02-07,11.22,11.4,11.0,11.21,11.182518,0.04907509,1289677.3047275543,952.4943166377801,1354,169,0.39999962,3.565059,-0.010000229,-0.0891286,0,0.43885544,0.14000034,1.2646824
2025-02-08,11.13,11.35,11.01,11.13,11.168319,0.045826424,1045343.8823375702,915.3624188595186,1142,135,0.34000015,3.0548081,0.0,0.0,1,0.41032517,0.069999695,0.62892807
2025-02-09,11.12,11.35,11.0,11.16,11.171484,0.043772187,784184.1505355835,796.9351123329101,984,131,0.35000038,3.1474855,0.03999996,0.3597119,1,0.39182073,0.05000019,0.44803038
2025-02-10,11.15,11.45,11.04,11.14,11.17408,0.043795608,1299095.3963985443,881.9384904267104,1473,192,0.40999985,3.6771286,-0.009999275,-0.0896796,0,0.39193928,0.15999985,1.4362643
2025-02-11,11.14,11.4,11.03,11.2,11.176286,0.043632917,1314546.3559322357,957.4263335267558,1373,179,0.3699999,3.3213634,0.059999466,0.53859484,1,0.39040622,0.03999996,0.3584226
2025-02-12,11.2,11.4,11.07,11.23,11.188674,0.04237177,1206292.7742042542,935.8361320436417,1289,166,0.32999992,2.946428,0.029999733,0.26785475,1,0.3787023,0.049999237,0.44722036
2025-02-13,11.19,11.4,11.0,11.25,11.207531,0.044941984,1222671.4216651917,898.3625434718527,1361,166,0.39999962,3.574617,0.06000042,0.5361968,1,0.40099806,0.10000038,0.8968645
2025-02-14,11.24,11.47,11.0,11.22,11.200568,0.051640183,1066553.7814941406,842.4595430443449,1266,172,0.47000027,4.181497,-0.019999504,-0.17793153,0,0.46104965,0.05000019,0.4476293
2025-02-15,11.31,11.42,11.0,11.21,11.182519,0.045433298,1149667.907300949,888.4605156885233,1294,162,0.42000008,3.7135284,-0.10000038,-0.8841766,0,0.4062886,0.06000042,0.5381204
2025-02-16,11.21,11.38,11.0,11.22,11.185331,0.048791114,623853.9553871155,677.3658581836216,921,113,0.3800001,3.3898315,0.010000229,0.0892081,1,0.43620625,0.06000042,0.5376382
2025-02-17,11.22,11.4,11.0,11.12,11.185022,0.046368107,1317399.6385211945,964.4214044811087,1366,171,0.39999962,3.565059,-0.10000038,-0.89126897,0,0.41455534,0.10999966,0.9892056
2025-02-18,11.23,11.38,11.06,11.18,11.207483,0.040449765,1172861.8330116272,875.9236990378097,1339,189,0.3199997,2.8495078,-0.049999237,-0.44522917,0,0.36091745,0.049999237,0.44722036
2025-02-19,11.23,11.42,11.0,11.2,11.220392,0.044056002,1257864.5467262268,987.3348090472738,1274,170,0.42000008,3.7399828,-0.029999733,-0.26713923,0,0.39264226,0.09000015,0.8035728
2025-02-20,11.15,11.5,11.05,11.3,11.25123,0.044455513,1161458.9191932678,855.9019301350537,1357,163,0.4499998,4.035873,0.15000057,1.3452966,1,0.3951169,0.07999992,0.71301174
2025-02-21,11.3,11.5,11.07,11.3,11.268529,0.04211576,1161825.6578712463,923.5498075288127,1258,175,0.4300003,3.8053126,0.0,0.0,1,0.37374672,0.119999886,1.0733442
2025-02-22,11.3,11.47,11.09,11.28,11.257101,0.047493722,953794.9036769867,856.1893210744944,1114,144,0.3800001,3.362833,-0.020000458,-0.1769952,0,0.42190012,0.059999466,0.5347546
2025-02-23,11.28,11.47,11.03,11.29,11.252712,0.03784472,721726.8169555664,786.194789711946,918,115,0.44000053,3.9007142,0.010000229,0.08865451,1,0.33631644,0.069999695,0.6238832
2025-02-24,11.27,11.47,11.15,11.26,11.2540865,0.03772915,1313621.1598148346,912.8708546315737,1439,178,0.32000065,2.8394022,-0.010000229,-0.088733174,0,0.33524847,0.03999996,0.35650587
2025-02-25,11.22,11.47,11.15,11.32,11.289816,0.040991217,1367201.9204101562,1007.5179958807341,1357,185,0.32000065,2.8520555,0.09999943,0.89126045,1,0.36308137,0.069999695,0.6222195
2025-02-26,11.32,11.5,11.19,11.34,11.314642,0.042075112,1198546.1838092804,1034.1209523807424,1159,149,0.31000042,2.7385197,0.020000458,0.1766825,1,0.3718643,0.14000034,1.2500031
2025-02-27,11.28,11.59,11.1,11.42,11.371156,0.058421157,1307056.3854599,1020.3406599999219,1281,168,0.48999977,4.34397,0.14000034,1.2411379,1,0.5137662,0.10999966,0.9725875
2025-02-28,11.43,11.58,11.15,11.37,11.359615,0.05241162,1259669.9332580566,881.5045019300607,1429,169,0.4300003,3.7620325,-0.06000042,-0.52493805,0,0.4613855,0.059999466,0.5304992
2025-03-01,11.38,11.51,11.11,11.28,11.316441,0.046279382,1015042.3405246735,773.6603205218548,1312,151,0.40000057,3.5149436,-0.10000038,-0.878738,0,0.40895706,0.07000065,0.62057316
2025-03-02,11.35,11.5,11.15,11.29,11.306247,0.05295774,760540.7816734314,817.7857867456252,930,109,0.35000038,3.0837038,-0.06000042,-0.528638,0,0.46839365,0.10000038,0.885743
2025-03-03,11.29,11.58,11.14,11.43,11.289724,0.054392736,866650.715839386,918.0621989824004,944,137,0.43999958,3.8972504,0.14000034,1.2400385,1,0.48178974,0.1800003,1.6000026
2025-03-04,11.28,11.51,11.12,11.24,11.274607,0.053404927,838327.4502544403,889.9442147074737,942,130,0.39000034,3.4574497,-0.03999996,-0.35460958,0,0.47367445,0.19999981,1.7793577
2025-03-05,11.3,11.48,11.1,11.23,11.268681,0.048707694,1413208.0393009186,1013.0523579218054,1395,173,0.37999916,3.3628244,-0.07000065,-0.61947477,0,0.43223956,0.08000088,0.7123854
2025-03-06,11.32,11.58,11.13,11.31,11.27983,0.048558526,1378961.5464229584,978.681012365478,1409,189,0.4499998,3.9752636,-0.009999275,-0.08833282,0,0.4304899,0.07000065,0.6227816
2025-03-07,11.4,11.5,11.08,11.29,11.278736,0.046314243,1292565.0032901764,996.5805730841761,1297,171,0.42000008,3.6842113,-0.10999966,-0.9649093,0,0.41063327,0.06000042,0.5342869
2025-03-08,11.31,11.49,11.05,11.22,11.251198,0.044017427,1279416.4471416473,982.6547213069488,1302,160,0.43999958,3.8903587,-0.09000015,-0.7957573,0,0.39122435,0.05000019,0.44563448
2025-03-09,11.17,11.5,11.1,11.23,11.2567835,0.042480547,911241.8586807251,835.2354341711504,1091,133,0.39999962,3.5810173,0.059999466,0.5371483,1,0.3773773,0.05000019,0.4452377
2025-03-10,11.22,11.6,11.09,11.45,11.283119,0.052073535,1597439.6013641357,1060.0130068773296,1507,199,0.5100002,4.5454564,0.22999954,2.0499067,1,0.46151718,0.15999985,1.417182
2025-03-11,11.5,11.7,11.17,11.49,11.41086,0.07734321,1711768.2627792358,1107.2239733371512,1546,193,0.52999973,4.608693,-0.010000229,-0.08695851,0,0.6778035,0.029999733,0.2617778
2025-03-12,11.57,12.2,11.26,11.98,11.808358,0.17786169,1837749.4458637238,1130.227211478305,1626,216,0.9399996,8.124456,0.40999985,3.5436463,1,1.5062356,0.12999916,1.0970393
2025-03-13,12.1,12.74,11.72,12.4,12.294513,0.18982175,1792354.8129673004,1085.6176941049669,1651,216,1.0199995,8.429748,0.29999924,2.4793324,1,1.5439551,0.27999973,2.3102288
2025-03-14,12.4,12.48,11.51,11.86,11.943249,0.19892843,1625693.5628108978,1082.3525717782277,1502,209,0.9699993,7.8225756,-0.53999996,-4.354839,0,1.665614,0.25999928,2.241373
2025-03-15,11.55,12.0,11.48,11.82,11.7026005,0.07417221,1065744.1660823822,824.8793855126797,1292,163,0.52000046,4.502168,0.2699995,2.337658,1,0.6338097,0.13999939,1.198625
2025-03-16,11.78,12.05,11.5,11.94,11.772179,0.0788666,757770.7504291534,778.7983046548339,973,133,0.5500002,4.668932,0.15999985,1.358233,1,0.6699406,0.10999966,0.92983645
2025-03-17,11.83,12.15,11.6,11.78,11.790324,0.074345246,1397447.1628398895,1003.9131916953229,1392,186,0.54999924,4.6491904,-0.05000019,-0.42265588,0,0.6305615,0.22000027,1.8675745
2025-03-18,11.86,12.05,11.55,11.89,11.8407135,0.0656131,1278472.437971115,940.0532632140553,1360,185,0.5,4.215852,0.030000687,0.2529569,1,0.55413127,0.1800003,1.5371504
2025-03-19,11.81,12.2,11.72,12.02,11.925675,0.068578124,1240642.1665802002,952.8741678803381,1302,184,0.47999954,4.064348,0.21000004,1.7781545,1,0.57504606,0.05000019,0.4177125
2025-03-20,12.02,12.23,11.78,11.98,12.002379,0.06135473,1507129.9947452545,1096.8922814739844,1374,167,0.4499998,3.7437587,-0.040000916,-0.3327863,0,0.51118803,0.07000065,0.5843126
2025-03-21,12.05,12.2,11.8,12.06,12.016922,0.050638013,1297740.4639606476,1037.3624811835712,1251,166,0.39999962,3.319499,0.010000229,0.08298945,1,0.4213892,0.06000042,0.50000346
2025-03-22,11.96,12.3,11.77,11.88,12.003388,0.059438128,875371.8180656433,854.8552910797298,1024,148,0.52999973,4.431436,-0.07999992,-0.66889566,0,0.49517792,0.15999985,1.3468
2025-03-23,11.85,12.2,11.8,12.07,12.017938,0.05219778,618380.281791687,745.9352011962449,829,117,0.39999962,3.3755243,0.21999931,1.8565342,1,0.43433225,0.069999695,0.58333075
2025-03-24,12.06,12.3,11.8,12.08,12.040395,0.049529854,1449552.5939121246,1058.840463047571,1369,177,0.5,4.1459365,0.019999504,0.16583335,1,0.41136402,0.07999992,0.66666603
2025-03-25,12.01,12.35,11.89,12.09,12.127404,0.06495451,1399812.4413013458,976.8405033505553,1433,202,0.46000004,3.830142,0.07999992,0.66611093,1,0.5356011,0.09000015,0.74441814
2025-03-26,12.25,12.6,12.0,12.43,12.285747,0.08580142,1488193.869512558,1048.023851769407,1420,203,0.6000004,4.897962,0.1800003,1.4693903,1,0.69838184,0.119999886,0.97481626
2025-03-27,12.3,12.62,12.16,12.44,12.388845,0.06320058,1449569.5831565857,984.7619450792023,1472,175,0.46000004,3.7398376,0.13999939,1.1382064,1,0.51014096,0.0899992,0.7287384
2025-03-28,12.37,12.69,12.21,12.31,12.39408,0.05638656,1430739.5864753723,992.8796575124027,1441,188,0.47999954,3.8803523,-0.059999466,-0.48504016,0,0.45494753,0.10999966,0.8935796
2025-03-29,12.3,12.63,12.12,12.4,12.377235,0.052895848,1189992.9374866486,891.3804775180888,1335,165,0.5100002,4.146343,0.09999943,0.8130034,1,0.427364,0.059999466,0.48621935
2025-03-30,12.46,12.65,12.2,12.35,12.380321,0.05335065,820370.5729789734,797.2503138765534,1029,137,0.4499998,3.6115553,-0.10999966,-0.8828223,0,0.4309311,0.049999237,0.40485212
2025-03-31,12.36,12.6,12.2,12.44,12.404859,0.059875295,1558326.2794647217,1023.1951933451883,1523,186,0.40000057,3.2362506,0.07999992,0.6472486,1,0.48267618,0.10999966,0.8921302
2025-04-01,12.49,12.7,12.3,12.44,12.436682,0.056723498,1383850.8655414581,914.6403605693708,1513,192,0.39999962,3.202559,-0.05000019,-0.40032178,0,0.45609832,0.14000034,1.1254047
2025-04-02,12.49,12.9,12.31,12.59,12.588273,0.09190114,1608657.2492198944,1013.6466598739095,1587,217,0.5899992,4.723773,0.10000038,0.80064356,1,0.73005354,0.09000015,0.71485424
2025-04-03,12.68,13.1,12.46,12.85,12.771455,0.10191993,1576927.2147598267,1005.6933767600935,1568,215,0.64000034,5.0473213,0.17000008,1.3406945,1,0.79802907,0.13000011,1.0220134
2025-04-04,12.76,13.1,12.55,12.87,12.839046,0.06684104,1484800.8621997833,1033.9838873257545,1436,187,0.5500002,4.3103466,0.10999966,0.86206627,1,0.5206076,0.2699995,2.142853
2025-04-05,12.82,13.1,12.6,12.9,12.850017,0.057273872,1036662.9226322174,857.4548574294603,1209,151,0.5,3.9001563,0.07999992,0.6240244,1,0.44571048,0.07999992,0.6240244
2025-04-06,12.9,13.15,12.64,12.92,12.873448,0.061633598,882229.347650528,849.9319341527245,1038,138,0.5099993,3.9534829,0.020000458,0.1550423,1,0.47876528,0.069999695,0.5447447
2025-04-07,13.0,13.35,12.75,12.96,12.933198,0.068019375,1624323.960773468,989.2350552822583,1642,194,0.6000004,4.615388,-0.03999996,-0.307692,0,0.5259285,0.10999966,0.8560284
2025-04-08,13.0,13.37,12.71,13.08,13.038955,0.101267986,1472097.4932880402,1018.7525905107544,1445,203,0.65999985,5.076922,0.07999992,0.615384,1,0.7766572,0.06000042,0.45871878
2025-04-09,13.12,13.7,12.95,13.33,13.34081,0.14095567,1725012.9457092285,1082.8706501627298,1593,217,0.75,5.7164636,0.21000004,1.6006101,1,1.0565752,0.069999695,0.5279012
2025-04-10,13.36,13.76,13.04,13.51,13.431412,0.10075222,1598260.925994873,1054.2618245348767,1516,203,0.72000027,5.3892236,0.15000057,1.1227589,1,0.7501238,0.119999886,0.8961903
2025-04-11,13.57,13.83,13.23,13.32,13.522973,0.09333738,1633928.5883922577,1070.0252707218453,1527,200,0.6000004,4.421521,-0.25,-1.8422993,0,0.69021344,0.21000004,1.576577
2025-04-12,13.6,13.65,13.1,13.35,13.361945,0.08234554,1235853.2808418274,961.7535259469474,1285,176,0.54999924,4.0441117,-0.25,-1.8382351,0,0.6162691,0.19000053,1.443773
2025-04-13,13.2,13.67,13.15,13.4,13.410156,0.07214762,707292.6932086945,735.2314898219278,962,147,0.52000046,3.9393976,0.19999981,1.5151501,1,0.5380073,0.10000038,0.74627155
2025-04-14,13.63,13.82,13.11,13.46,13.421713,0.07475933,1550652.6195545197,1013.4984441532808,1530,180,0.71000004,5.209098,-0.17000008,-1.2472492,0,0.5570029,0.13000011,0.9752447
2025-04-15,13.47,13.67,13.21,13.31,13.423844,0.06056745,1435002.8003444672,999.3055712705203,1436,206,0.46000004,3.4149964,-0.15999985,-1.1878237,0,0.45119306,0.119999886,0.9015769
2025-04-16,13.45,13.67,13.14,13.36,13.433499,0.05979162,1503870.2835350037,1004.5893677588534,1497,207,0.52999973,3.9405186,-0.09000015,-0.6691461,0,0.4450934,0.11000061,0.8233579
2025-04-17,13.39,13.8,13.28,13.45,13.511529,0.0737057,1552810.676141739,1018.9046431376239,1524,203,0.52000046,3.8834984,0.059999466,0.4480916,1,0.5455023,0.07999992,0.594795
2025-04-18,13.56,13.8,13.3,13.59,13.504958,0.060247067,770912.9044494629,721.1533250228839,1069,153,0.5,3.6873155,0.029999733,0.22123696,1,0.44611073,0.15000057,1.1160758
2025-04-19,13.5,13.76,13.2,13.51,13.449243,0.06251906,960405.9336681366,781.4531600228939,1229,167,0.5600004,4.1481514,0.010000229,0.074075766,1,0.4648519,0.14000034,1.0471231
2025-04-20,13.52,13.82,13.25,13.5,13.489257,0.07216922,768502.5584831238,827.2363385178943,929,140,0.5699997,4.215974,-0.020000458,-0.14793237,0,0.5350126,0.05000019,0.3703718
2025-04-21,13.6,13.8,13.3,13.56,13.487186,0.058574714,1501879.2757892609,996.6020410015002,1507,194,0.5,3.6764703,-0.03999996,-0.29411736,0,0.434299,0.15000057,1.1185725
2025-04-22,13.56,13.8,13.33,13.5,13.523091,0.05667457,1769159.805929184,1134.8042372861987,1559,193,0.47000027,3.4660788,-0.06000042,-0.44248095,0,0.4190948,0.069999695,0.51851624
2025-04-23,13.65,13.82,13.34,13.79,13.598256,0.08053389,1436524.4962272644,978.5589211357387,1468,181,0.47999954,3.5164804,0.14000034,1.0256436,1,0.59223694,0.21000004,1.5463921
2025-04-24,13.79,14.3,13.41,13.89,13.800128,0.16380218,1252093.3242931366,1146.6056083270482,1092,165,0.89000034,6.453954,0.10000038,0.72516596,1,1.1869613,0.15999985,1.1519067
2025-04-25,14.1,14.5,13.7,13.92,14.186079,0.13325968,1521861.6861953735,991.4408379122955,1535,226,0.8000002,5.6737604,-0.1800003,-1.2765979,0,0.9393694,0.30999947,2.2270076
2025-04-26,13.92,14.5,13.82,14.29,14.199791,0.06747955,1185636.016954422,882.1696554720402,1344,159,0.6800003,4.8850594,0.3699999,2.658045,1,0.4752151,0.14000034,0.9894017
2025-04-27,14.29,14.8,14.03,14.39,14.341099,0.1309526,1101330.5875034332,946.1602985424684,1164,159,0.77000046,5.3883867,0.10000038,0.69979274,1,0.9131281,0.17000008,1.1813765
2025-04-28,14.39,15.27,14.27,14.86,14.630068,0.12511702,1831602.2414474487,1132.7162903200053,1617,210,1.0,6.9492707,0.4699993,3.2661524,1,0.85520464,0.13000011,0.8825534
2025-04-29,14.72,15.51,14.69,15.11,15.165778,0.11538968,2308763.000881195,1194.3936890228636,1933,268,0.82000065,5.5706563,0.3899994,2.6494524,1,0.7608557,0.14000034,0.926541
2025-04-30,15.25,15.6,15.0,15.41,15.242156,0.078946814,2272044.5585536957,1253.1961161355189,1813,231,0.6000004,3.934429,0.15999985,1.0491793,1,0.5179504,0.119999886,0.7848259
2025-05-01,15.3,15.61,14.95,15.33,15.310369,0.10277304,1257181.2030677795,890.3549596797305,1412,192,0.65999985,4.3137245,0.029999733,0.19607668,1,0.6712643,0.13000011,0.8552639
2025-05-02,15.39,15.52,14.97,15.29,15.2215605,0.08728069,2106041.8532733917,1278.713936413717,1647,220,0.5500002,3.5737503,-0.10000038,-0.649775,0,0.5734017,0.13000011,0.8575206
2025-05-03,15.25,15.5,14.88,15.2,15.158178,0.08497427,1599046.7678508759,1115.8735295539957,1433,193,0.6199999,4.0655727,-0.05000019,-0.3278701,0,0.56058365,0.07999992,0.52910006
2025-05-04,15.25,15.48,14.91,15.24,15.176419,0.07944841,1184486.3130569458,952.9254328696265,1243,169,0.5699997,3.7377028,-0.010000229,-0.06557527,0,0.523499,0.069999695,0.46143505
2025-05-05,15.27,15.45,14.95,15.21,15.169251,0.077024244,2090527.4711589813,1133.0772201403693,1845,215,0.5,3.2743943,-0.06000042,-0.39293003,0,0.50776565,0.07999992,0.52875036
2025-05-06,15.24,15.55,14.95,15.29,15.216217,0.077853486,2174638.7617816925,1239.110405573614,1755,214,0.6000004,3.9370105,0.05000019,0.32808524,1,0.51164806,0.069999695,0.45991912
2025-05-07,15.19,15.63,14.98,15.41,15.2932,0.07644241,1830871.2088947296,1006.526228089461,1819,226,0.6500006,4.2791348,0.22000027,1.448323,1,0.49984577,0.19999981,1.3149232
2025-05-08,15.35,15.77,15.05,15.46,15.410775,0.08474862,2339976.416419983,1209.2901376847458,1935,232,0.72000027,4.6905556,0.10999966,0.71661013,1,0.54993093,0.13000011,0.8480112
2025-05-09,15.47,15.8,15.16,15.4,15.456766,0.07166069,2126634.060649872,1213.1397950084836,1753,210,0.64000034,4.1370416,-0.07000065,-0.45249286,0,0.4636202,0.10000038,0.64935315
2025-05-10,15.4,15.78,15.2,15.47,15.441815,0.073637836,1643510.817680359,1084.82562223126,1515,190,0.5799999,3.7662334,0.07000065,0.45454967,1,0.47687292,0.07000065,0.45454967
2025-05-11,15.47,15.72,15.12,15.41,15.43792,0.069421925,920468.2658939362,788.0721454571371,1168,142,0.6000004,3.8784769,-0.06000042,-0.38785014,0,0.44968444,0.15999985,1.0382859
2025-05-12,15.59,15.88,15.23,15.63,15.53353,0.0920791,2215105.0888462067,1233.3547265290683,1796,211,0.6500006,4.169343,0.03999996,0.25657448,1,0.5927764,0.10000038,0.64391744
2025-05-13,15.63,20.0,15.41,15.96,15.886442,0.2360926,2142716.2988033295,1119.4964988523143,1914,245,4.59,29.366604,0.32999992,2.1113238,1,1.4861263,0.10999966,0.6892209
2025-05-14,16.25,17.63,15.86,17.59,16.6491,0.34842008,2084033.017522812,994.2905617952347,2096,269,1.7699995,10.892304,1.3400002,8.246155,1,2.0927262,0.21999931,1.2665474
2025-05-15,17.69,19.36,17.22,18.25,17.919498,0.37017074,1660541.784828186,1029.4741381451865,1613,286,2.1400013,12.097238,0.55999947,3.1656272,1,2.0657427,0.2800007,1.5581563
2025-05-16,18.33,18.9,17.41,17.54,17.85164,0.20153478,1567351.8052120209,1000.224508750492,1567,249,1.4899998,8.12875,-0.789999,-4.3098693,0,1.1289426,0.25,1.4253135
2025-05-17,17.84,18.05,16.97,17.22,17.489384,0.17471695,1436487.6222019196,923.786252219884,1555,238,1.0799999,6.053811,-0.62000084,-3.4753408,0,0.99898857,0.35000038,2.0325227
2025-05-18,17.57,18.22,17.1,17.63,17.5701,0.20226392,1077983.2960624695,774.4132874011993,1392,211,1.1199989,6.3744965,0.059999466,0.34148815,1,1.1511825,0.29000092,1.6449287
2025-05-19,17.71,18.0,17.14,17.59,17.513231,0.1440648,1835682.2249393463,1024.3762415956173,1792,274,0.8600006,4.856017,-0.11999893,-0.6775773,0,0.8226055,0.30999947,1.7939783
2025-05-20,17.7,17.8,17.1,17.4,17.436003,0.09821216,1928461.3973236084,1073.7535619841917,1796,234,0.69999886,3.9547958,-0.30000114,-1.6949216,0,0.56327224,0.12000084,0.68966
2025-05-21,17.6,17.85,17.11,17.5,17.435856,0.08754071,1824703.9005470276,984.72957395954,1853,265,0.7399998,4.204544,-0.10000038,-0.56818396,0,0.50207293,0.12000084,0.69045365
2025-05-22,17.4,17.8,17.1,17.34,17.433628,0.07868226,1790574.4537334442,1026.1171654632917,1745,233,0.69999886,4.022982,-0.059999466,-0.34482452,0,0.45132464,0.13999939,0.80737823
2025-05-23,17.52,17.78,16.4,16.7,17.287773,0.16941515,1868605.3814792633,1056.3060381454286,1769,255,1.3800011,7.876718,-0.8199997,-4.6803637,0,0.9799709,0.10000038,0.6024119
2025-05-24,16.7,17.11,16.0,16.64,16.511326,0.17611624,1696335.070362091,996.0863595784446,1703,262,1.1100006,6.64671,-0.060001373,-0.35928965,0,1.066639,0.22999954,1.4015816
2025-05-25,16.89,16.95,15.95,16.62,16.514349,0.124607004,1055473.466600418,780.6756409766406,1352,182,1.000001,5.920669,-0.26999855,-1.5985705,0,0.7545378,0.17000008,1.0334351
2025-05-26,16.62,17.01,16.02,16.37,16.381922,0.121085875,1894772.4664611816,1025.8648979215927,1847,245,0.9899998,5.956677,-0.25,-1.5042117,0,0.73914325,0.10000038,0.61463046
2025-05-27,16.26,16.62,15.82,16.35,16.245176,0.11020447,1758744.369819641,970.6094756179035,1812,237,0.80000114,4.920056,0.09000015,0.5535065,1,0.67838275,0.12000084,0.7393767
2025-05-28,16.34,16.7,16.0,16.34,16.334631,0.11183107,1678572.7659053802,1059.0364453661705,1585,239,0.70000076,4.2839704,0.0,0.0,1,0.6846256,0.12999916,0.79558843
2025-05-29,16.48,16.99,16.05,16.57,16.497133,0.11927588,1702166.0459766388,1044.9146998014971,1629,253,0.94000053,5.703887,0.09000015,0.5461174,1,0.72300977,0.11999893,0.72947675
2025-05-30,16.59,16.8,16.1,16.46,16.445763,0.10200374,1791183.53291893,1093.5186403656471,1638,219,0.69999886,4.2194023,-0.13000107,-0.783611,0,0.62024325,0.11999893,0.7343876
2025-05-31,16.46,16.74,16.0,16.17,16.330696,0.08848482,1355442.2654762268,898.8343935518745,1508,206,0.7399998,4.495746,-0.289999,-1.761841,0,0.5418313,0.22999954,1.4223843
2025-06-01,16.37,16.72,16.01,16.34,16.358566,0.090001024,991672.7700824738,740.6069978211156,1339,184,0.7099991,4.3371964,-0.030000687,-0.18326625,0,0.55017674,0.07999992,0.48959562
2025-06-02,16.22,16.66,16.0,16.3,16.313314,0.09234137,1906082.8895645142,1067.235660450456,1786,244,0.65999985,4.06905,0.07999992,0.49321783,1,0.5660491,0.0700016,0.4294577
2025-06-03,16.39,16.66,16.04,16.28,16.329723,0.07087157,1988883.2963600159,1084.4510885278166,1834,219,0.61999893,3.7827878,-0.1099987,-0.6711331,0,0.4340035,0.07999992,0.4914
2025-06-04,16.29,16.65,16.0,16.39,16.329288,0.06496025,2199140.279809952,1109.556145211883,1982,243,0.6499996,3.9901755,0.099998474,0.6138641,1,0.39781433,0.09000015,0.55214816
2025-06-05,16.32,16.67,16.05,16.38,16.348236,0.060368374,2373095.5823745728,1182.4093584327716,2007,230,0.62000084,3.799025,0.059999466,0.3676438,1,0.36926538,0.069999695,0.42918268
2025-06-06,16.41,16.65,16.1,16.28,16.337866,0.057974946,1982167.2224655151,1128.1543667988135,1757,225,0.54999924,3.3516102,-0.12999916,-0.7921948,0,0.35485017,0.069999695,0.4299735
2025-06-07,16.32,16.64,16.08,16.34,16.315807,0.056565534,1494414.1042003632,891.1234968398111,1677,219,0.55999947,3.4313693,0.020000458,0.12255183,1,0.3466916,0.049999237,0.30693206
2025-06-08,16.34,16.6,16.01,16.35,16.300245,0.059216768,1106565.3353061676,849.896570895674,1302,148,0.59000015,3.610772,0.010000229,0.06120091,1,0.3632876,0.17000008,1.0506803
2025-06-09,16.32,16.6,16.0,16.3,16.27038,0.06271934,2441900.869152069,1238.914697692577,1971,255,0.6000004,3.676473,-0.020000458,-0.12255183,0,0.38548172,0.099998474,0.6172745
2025-06-10,16.3,16.6,16.0,16.36,16.284061,0.05471605,2128016.90855217,1073.671497755888,1982,221,0.6000004,3.680984,0.060001373,0.3681066,1,0.33600986,0.10000038,0.6150085
2025-06-11,16.3,16.65,16.0,16.28,16.298239,0.052788433,2195615.852306366,1186.8193796250628,1850,230,0.6499996,3.987728,-0.01999855,-0.12269051,0,0.32389042,0.059999466,0.36854708
2025-06-12,16.28,16.67,16.02,16.34,16.34769,0.052876662,2125662.0582904816,1188.1844931752273,1789,222,0.6499996,3.9926264,0.059999466,0.36854708,1,0.32345036,0.03999901,0.24479197
2025-06-13,16.4,16.65,16.1,16.27,16.343084,0.051828194,1671865.493177414,1076.5392744220308,1553,203,0.54999924,3.353654,-0.12999916,-0.7926778,0,0.31712615,0.07999992,0.49170205
2025-06-14,16.4,16.67,16.0,16.32,16.297955,0.061642975,1467907.254705429,940.9661889137366,1560,185,0.6700001,4.0853662,-0.07999992,-0.4878044,0,0.37822524,0.07999992,0.49261037
2025-06-15,16.32,16.6,16.0,16.18,16.296156,0.06700041,945671.5827159882,806.199132750203,1173,147,0.6000004,3.676473,-0.13999939,-0.85783947,0,0.4111424,0.14999962,0.9270681
2025-06-16,16.35,16.67,16.0,16.32,16.29329,0.056492582,2326560.091539383,1238.1905755930723,1879,218,0.6700001,4.0978594,-0.030000687,-0.18349043,0,0.34672302,0.049999237,0.30730936
2025-06-17,16.32,16.6,16.0,16.33,16.296125,0.052770264,1904652.0465507507,1058.7282081994167,1799,207,0.6000004,3.676473,0.010000229,0.061275914,1,0.32382092,0.069999695,0.4305024
2025-06-18,16.31,16.6,16.0,16.35,16.277187,0.055095203,1825052.376115799,1104.0849220301263,1653,233,0.6000004,3.6787271,0.040000916,0.24525392,1,0.3384811,0.09000015,0.5535065
2025-06-19,16.33,16.6,15.94,16.25,16.258905,0.06196612,1256765.5580272675,1042.0941608849648,1206,188,0.6600008,4.041646,-0.07999992,-0.4898954,0,0.3811211,0.25,1.5625
2025-06-20,16.1,16.44,15.5,16.16,16.065083,0.16004653,2011728.4937839508,1154.175842675818,1743,214,0.94000053,5.8385124,0.059999466,0.37266746,1,0.99623847,0.11999893,0.748123
2025-06-21,16.06,16.39,15.65,15.97,15.96319,0.09488663,1399037.161359787,939.5817067560691,1489,175,0.7399998,4.60772,-0.0899992,-0.5603936,0,0.5944089,0.119999886,0.757097
2025-06-22,15.77,16.32,15.73,16.0,15.998063,0.08931328,850995.1256427765,723.0204975724524,1177,153,0.59000015,3.7412817,0.22999954,1.4584625,1,0.5582756,0.12000084,0.75000525
2025-06-23,16.0,16.3,15.81,16.06,16.019035,0.05993709,1962749.06234169,1190.9885087024818,1648,201,0.48999882,3.0624926,0.059999466,0.37499666,1,0.37416166,0.07999992,0.5006253
2025-06-24,16.06,16.33,15.8,16.04,16.016867,0.057545356,1776900.235294342,1167.4771585376755,1522,201,0.52999973,3.300123,-0.01999855,-0.124523975,0,0.35927972,0.07000065,0.4383259
2025-06-25,15.95,16.32,15.84,15.94,16.010626,0.050602414,1601914.9453392029,1056.6721275324558,1516,179,0.47999954,3.0094016,-0.010000229,-0.062697366,0,0.31605518,0.119999886,0.7528224
2025-06-26,15.97,16.3,15.75,15.99,15.998839,0.04969288,1474110.1453647614,982.7400969098409,1500,185,0.54999924,3.4439526,0.019999504,0.12523171,1,0.31060305,0.069999695,0.43969658
2025-06-27,16.05,16.25,15.58,15.89,15.893095,0.08545772,2061135.3499011993,1139.3783028751793,1809,204,0.6700001,4.1744556,-0.1599989,-0.9968779,0,0.53770345,0.14000034,0.88889104
2025-06-28,15.83,16.1,15.26,15.65,15.692898,0.14247791,1332024.3514003754,889.2018367158714,1498,180,0.84000015,5.306381,-0.1800003,-1.1370834,0,0.9079133,0.15999985,1.0329236
2025-06-29,15.59,15.87,15.3,15.62,15.556574,0.07254489,1013698.8997097015,801.9769776184347,1264,140,0.5699997,3.656188,0.029999733,0.19242933,1,0.46632946,0.09000015,0.5795245
2025-06-30,15.58,15.86,14.55,14.81,15.17665,0.2630234,2214944.1848430634,1206.39661483827,1836,238,1.3099995,8.408212,-0.7699995,-4.9422307,0,1.7330796,0.3899994,2.6333516
2025-07-01,14.99,15.25,13.86,14.13,14.554266,0.2999599,2389924.5256996155,1154.5529109659979,2070,247,1.3900003,9.272851,-0.85999966,-5.737156,0,2.0609758,0.22000027,1.5815979
2025-07-02,13.98,15.6,13.31,15.04,14.6990385,0.46312058,1824516.114522934,1169.5616118736757,1560,239,2.29,16.380545,1.0600004,7.5822635,1,3.1506863,0.2300005,1.5292586
2025-07-03,15.0,15.71,14.8,15.27,15.1625595,0.11673545,1996082.8633174896,1155.8094170917716,1727,229,0.90999985,6.0666656,0.27000046,1.800003,1,0.7698928,0.13000011,0.8586533
2025-07-04,15.13,15.51,14.9,15.44,15.168683,0.07188332,1904697.0150966644,1076.708318313547,1769,227,0.6100006,4.0317287,0.30999947,2.0489058,1,0.47389296,0.35999966,2.3872657
2025-07-05,15.17,15.44,14.71,15.1,15.024474,0.10767616,1512701.070224762,983.5507608743576,1538,195,0.72999954,4.812126,-0.069999695,-0.46143505,0,0.71667176,0.07000065,0.46573952
2025-07-06,15.14,15.39,14.75,15.24,15.018454,0.083499864,1070074.5185184479,791.475235590568,1352,145,0.64000034,4.227215,0.09999943,0.6604982,1,0.5559818,0.15999985,1.0610069
2025-07-07,15.04,15.35,14.77,15.19,15.062034,0.07222011,1936229.6228179932,1112.1364863974688,1741,203,0.5799999,3.8563826,0.14999962,0.9973379,1,0.47948444,0.19999981,1.3342216
2025-07-08,14.9,15.38,14.8,15.04,15.068976,0.06401677,2137189.9912338257,1228.976418190814,1739,196,0.5799999,3.892617,0.14000034,0.93959963,1,0.42482492,0.05000019,0.33244807
2025-07-09,15.04,15.35,14.8,15.0,15.055637,0.056826662,1769912.8571968079,1030.8170397185836,1717,212,0.5500002,3.6569164,-0.03999996,-0.26595718,0,0.37744442,0.09000015,0.60000104
2025-07-10,15.01,15.35,14.7,14.99,15.008752,0.0731784,1945849.6607589722,1167.9769872502834,1666,206,0.6500006,4.33045,-0.020000458,-0.13324755,0,0.48757154,0.27999973,1.9034652
2025-07-11,14.99,15.2,14.58,14.83,14.839403,0.09765225,1894995.7213172913,1046.958962053752,1810,203,0.6199999,4.13609,-0.15999985,-1.0673772,0,0.6580605,0.10999966,0.74728024
2025-07-12,14.84,15.12,14.4,14.74,14.680128,0.084377654,1254816.322555542,850.7229305461302,1475,198,0.72000027,4.8517537,-0.10000038,-0.67385703,0,0.5747746,0.10999966,0.75187737
2025-07-13,14.63,15.14,14.35,14.84,14.721388,0.10095246,936034.1400928497,734.1444236022351,1275,164,0.78999996,5.3998632,0.21000004,1.4354069,1,0.6857537,0.119999886,0.80862457
2025-07-14,15.07,15.14,14.41,14.73,14.706838,0.09321607,1863693.5615005493,1091.1554809722186,1708,212,0.7300005,4.844064,-0.34000015,-2.256139,0,0.6338281,0.0899992,0.6147486
2025-07-15,14.64,15.0,14.4,14.72,14.644277,0.07641097,2215021.4962501526,1205.1259500816934,1838,227,0.6000004,4.0983634,0.07999992,0.5464476,1,0.52178043,0.14000034,0.96022177
2025-07-16,14.58,14.9,14.4,14.58,14.622941,0.06085718,1685155.489725113,929.9975108858239,1812,204,0.5,3.4293554,0.0,0.0,1,0.41617608,0.09000015,0.61728495
2025-07-17,14.7,14.95,14.3,14.71,14.601463,0.055540998,1831376.7014274597,999.6597715215391,1832,211,0.6499996,4.4217663,0.010000229,0.06802876,1,0.38037965,0.18999958,1.308537
2025-07-18,14.52,14.8,14.13,14.55,14.453911,0.10570702,1798831.32777977,1059.3824074085805,1698,207,0.6700001,4.6143255,0.029999733,0.20660973,1,0.7313385,0.21000004,1.4644353
2025-07-19,14.37,14.6,14.0,14.09,14.281902,0.088072136,1396471.9665107727,900.3687727342184,1551,179,0.6000004,4.175368,-0.27999973,-1.948502,0,0.61666954,0.26000023,1.845282
2025-07-20,14.36,14.61,14.08,14.36,14.348648,0.07610724,846734.9560279846,677.9303090696434,1249,154,0.52999973,3.690806,0.0,0.0,1,0.530414,0.069999695,0.4898509
2025-07-21,14.39,14.6,13.93,14.25,14.236352,0.09150756,2099062.983373642,1112.9708289361834,1886,215,0.6700001,4.6560116,-0.14000034,-0.97290015,0,0.6427739,0.13000011,0.9206807
2025-07-22,14.26,14.5,13.7,13.93,14.063431,0.1262102,2247813.3007240295,1189.9488092768818,1889,217,0.8000002,5.6100993,-0.32999992,-2.3141649,0,0.89743537,0.119999886,0.8689347
2025-07-23,14.1,14.18,13.37,13.6,13.666692,0.15062447,2364791.349559784,1243.972303818929,1901,239,0.8100004,5.7446837,-0.5,-3.5460994,0,1.1021283,0.10000038,0.7407436
2025-07-24,13.62,13.83,12.95,13.16,13.299503,0.15867744,2289680.829984665,1248.462829871682,1834,226,0.8800001,6.4610877,-0.46000004,-3.3773866,0,1.1931081,0.09999943,0.7656924
2025-07-25,13.17,13.6,12.79,13.02,13.092065,0.1108117,2147878.9118537903,1208.7106988485032,1777,231,0.8100004,6.150345,-0.14999962,-1.1389493,0,0.84640354,0.07999992,0.6144387
2025-07-26,13.3,13.35,12.8,13.1,13.081937,0.07471241,1652335.1719818115,1077.844208729166,1533,176,0.5500002,4.1353397,-0.19999981,-1.503758,0,0.5711112,0.09000015,0.69177675
2025-07-27,13.12,13.38,12.89,13.17,13.125285,0.071590245,1034368.5802364349,798.1239045034221,1296,147,0.48999977,3.7347543,0.05000019,0.38109902,1,0.54543763,0.06000042,0.4576691
2025-07-28,13.18,14.89,12.97,14.15,13.402525,0.35310858,2310852.0574588776,1293.8701329556986,1786,244,1.9200001,14.567527,0.9699993,7.3596306,1,2.6346424,-0.17000008,-1.1871514
2025-07-29,14.13,14.8,13.5,13.92,13.922549,0.18371747,2170061.072500229,1257.2775622828672,1726,215,1.3000002,9.200285,-0.21000004,-1.4861999,0,1.3195678,0.13000011,0.9427129
2025-07-30,13.76,14.13,13.5,13.88,13.818611,0.08245655,1919518.8233413696,1083.861560328272,1771,205,0.6300001,4.5784893,0.119999886,0.8720921,1,0.5967065,0.09000015,0.652648
2025-07-31,13.9,14.22,13.62,13.9,13.900442,0.07884205,1886035.9665241241,1095.2589817213263,1722,207,0.6000004,4.31655,0.0,0.0,1,0.56719095,0.13000011,0.93525267
2025-08-01,13.96,14.2,13.55,13.83,13.825185,0.07852384,2008974.0992622375,1042.539750525292,1927,219,0.6499996,4.6561575,-0.13000011,-0.93123287,0,0.5679768,0.10999966,0.8017467
2025-08-02,13.75,14.02,13.49,13.74,13.78196,0.06671631,1497110.144165039,889.020275632446,1684,199,0.5300007,3.8545504,-0.010000229,-0.07272893,0,0.4840844,0.06000042,0.4366843
2025-08-03,13.8,14.02,13.44,13.87,13.78783,0.06488656,1076741.4380970001,770.752640012169,1397,150,0.5800009,4.2029047,0.069999695,0.50724417,1,0.4706075,0.069999695,0.50724417
2025-08-04,13.79,14.05,13.52,13.66,13.7439995,0.07402929,2085766.670217514,1155.5494017825563,1805,221,0.52999973,3.843363,-0.13000011,-0.9427129,0,0.5386299,0.119999886,0.87847644
2025-08-05,13.66,14.0,13.39,13.65,13.64027,0.07551799,1993034.0207271576,1143.450384811909,1743,215,0.60999966,4.4655905,-0.010000229,-0.073208116,0,0.55364,0.069999695,0.5154617
2025-08-06,13.64,13.83,13.22,13.39,13.557851,0.088435635,1317130.0469608307,904.0014049147774,1457,203,0.60999966,4.472138,-0.25,-1.8328445,0,0.65228355,0.09999943,0.7468217
2025-08-07,13.5,13.76,13.0,13.36,13.349159,0.09591383,1724446.6960964203,1014.3804094684825,1700,206,0.7600002,5.6296315,-0.14000034,-1.0370396,0,0.7185009,0.07999992,0.60240906
2025-08-08,13.36,13.59,13.0,13.15,13.241286,0.064059585,1980832.315322876,1112.827143439818,1780,215,0.59000015,4.4161687,-0.21000004,-1.5718566,0,0.48378673,0.07000065,0.5323243
2025-08-09,13.31,13.5,13.0,13.18,13.210056,0.057310455,1856993.4875717163,1046.783251167822,1774,219,0.5,3.7565737,-0.13000011,-0.97671014,0,0.4338396,0.119999886,0.91046953
2025-08-10,13.16,13.64,12.9,13.45,13.273609,0.089471675,1245193.4928207397,951.9827926764066,1308,180,0.7400007,5.623106,0.28999996,2.2036471,1,0.6740569,0.14999962,1.1278167
2025-08-11,13.33,13.65,13.08,13.36,13.3072195,0.064928785,2358078.719516754,1311.5009563496965,1798,222,0.5699997,4.276067,0.029999733,0.22505426,1,0.48792148,0.059999466,0.4511238
2025-08-12,13.36,13.8,13.11,13.54,13.424504,0.086787865,2279427.0451984406,1181.662542871146,1929,230,0.69000053,5.1646748,0.1800003,1.3473077,1,0.6464884,0.05000019,0.37064633
2025-08-13,13.66,14.0,13.24,13.63,13.569218,0.13037169,2533690.9397296906,1296.0055957696627,1955,257,0.7600002,5.563691,-0.029999733,-0.21961737,0,0.96079,0.19999981,1.4892018
2025-08-14,13.44,13.8,13.24,13.5,13.493617,0.074637674,2398713.6171360016,1343.0647352385226,1786,226,0.5600004,4.16667,0.06000042,0.4464317,1,0.5531332,0.3000002,2.2222235
2025-08-15,13.59,13.8,13.25,13.55,13.5175085,0.077206686,2417089.4248218536,1303.7159788683136,1854,229,0.5500002,4.047095,-0.03999996,-0.2943338,0,0.5711606,0.06000042,0.44477704
2025-08-16,13.55,14.07,13.32,13.78,13.644121,0.13602841,2014834.1869010925,1107.0517510445563,1820,242,0.75,5.535055,0.22999954,1.6974137,1,0.99697447,0.119999886,0.8708265
2025-08-17,13.99,14.6,13.27,13.52,13.726124,0.208811,1291533.0804328918,1001.1884344441022,1290,200,1.3299999,9.50679,-0.4699993,-3.3595376,0,1.521267,0.12999916,0.96153224
2025-08-18,13.84,13.88,13.25,13.49,13.4624605,0.07721947,1825244.1789588928,1134.3966308010522,1609,216,0.6300001,4.552024,-0.35000038,-2.5289044,0,0.57359105,0.069999695,0.5216073
2025-08-19,13.49,13.75,13.24,13.45,13.437249,0.058220472,2058229.6047649384,1252.7264788587574,1643,212,0.5100002,3.78058,-0.03999996,-0.29651567,0,0.43327674,0.09000015,0.67365384
2025-08-20,13.38,13.69,13.1,13.43,13.38147,0.06950507,2070916.4616184235,1198.4470263995506,1728,221,0.5899992,4.4095607,0.05000019,0.3736935,1,0.5194129,0.07000065,0.52395695
2025-08-21,13.44,13.65,13.15,13.36,13.3585415,0.05325968,1682521.8113994598,1114.9912600394034,1509,197,0.5,3.720238,-0.07999992,-0.59523755,0,0.3986938,0.059999466,0.4511238
2025-08-22,13.37,13.61,13.12,13.27,13.307504,0.04756139,1935528.5196666718,1187.440809611455,1630,196,0.48999977,3.6649199,-0.09999943,-0.7479389,0,0.3574028,0.069999695,0.5275034
2025-08-23,13.34,13.55,13.05,13.29,13.269314,0.049676817,1444292.3993816376,1011.4092432644521,1428,181,0.5,3.748126,-0.05000019,-0.37481403,0,0.37437367,0.07999992,0.60560125
2025-08-24,13.18,13.5,13.0,13.23,13.2336645,0.064584166,976893.3902206421,828.5779391184411,1179,159,0.5,3.7936265,0.049999237,0.3793569,1,0.48802933,0.10000038,0.7558608
2025-08-25,13.29,13.5,12.99,13.2,13.23807,0.045007996,1970804.9671993256,1084.0511370733363,1818,206,0.5100002,3.8374736,-0.09000015,-0.67720205,0,0.33998913,0.06000042,0.45454866
2025-08-26,13.2,13.7,13.0,13.36,13.2219925,0.04908905,2042339.5801582336,1156.477678458796,1766,208,0.6999998,5.303029,0.15999985,1.21212,1,0.37126818,0.18999958,1.4426695
2025-08-27,13.23,13.45,12.82,13.05,13.103986,0.08018811,2195977.1250076294,1298.6263305781367,1691,212,0.6300001,4.761906,-0.17999935,-1.3605393,0,0.6119368,0.05000019,0.38461685
2025-08-28,13.05,13.23,12.31,12.61,12.7916975,0.17335564,2424009.0200424194,1185.9143933671328,2044,243,0.9199991,7.049802,-0.44000053,-3.3716514,0,1.35522,0.09999943,0.7993559
2025-08-29,12.62,12.85,12.1,12.39,12.387576,0.09231852,2451319.5676193237,1181.3588277683489,2075,241,0.75,5.942948,-0.22999954,-1.8225003,0,0.7452509,0.06000042,0.4866214
2025-08-30,12.4,12.56,11.9,12.16,12.247046,0.09864573,1894158.485218048,1039.6039984731328,1822,193,0.6600008,5.322587,-0.23999977,-1.935482,0,0.8054655,0.069999695,0.5789884
2025-08-31,12.02,12.4,11.8,12.15,12.098158,0.08974866,1530242.116443634,894.8784306687918,1710,175,0.5999994,4.9916754,0.12999916,1.0815238,1,0.7418374,0.0899992,0.74626195
2025-09-01,12.06,12.34,11.35,11.59,11.920464,0.16290109,2806273.7384967804,1355.6877963752563,2070,250,0.9899998,8.208953,-0.47000027,-3.897183,0,1.3665667,0.14000034,1.2227104
2025-09-02,11.62,11.86,10.8,11.36,11.218473,0.23554534,2746713.3247356415,1369.9318327858562,2005,239,1.0599995,9.122199,-0.26000023,-2.2375236,0,2.09962,0.17999935,1.6100119
2025-09-03,11.18,13.15,10.88,12.44,11.671454,0.501988,2386445.5214099884,1192.6264474812535,2001,252,2.2699995,20.30411,1.2599993,11.270119,1,4.300989,0.06000042,0.4823185
2025-09-04,12.6,13.05,12.15,12.64,12.521063,0.13919467,2108485.647808075,1167.4892845005952,1806,229,0.9000006,7.1428614,0.03999996,0.31746,1,1.1116841,0.09000015,0.7171327
2025-09-05,12.64,12.8,11.8,12.1,12.346262,0.19179243,2283444.621088028,1281.3942879281863,1782,223,1.0,7.911392,-0.53999996,-4.2721515,0,1.5534453,0.09000015,0.7493768
2025-09-06,11.96,12.51,11.82,12.13,12.089839,0.080582224,1561924.0365505219,1011.6088319627733,1544,205,0.69000053,5.769235,0.17000008,1.4214053,1,0.6665285,0.07999992,0.6638998
2025-09-07,12.05,12.49,11.9,12.25,12.148352,0.075134315,1143298.479812622,910.2694902966737,1256,171,0.59000015,4.896267,0.19999981,1.6597495,1,0.61847335,0.10999966,0.90609264
2025-09-08,12.24,12.59,11.93,12.33,12.232125,0.08835302,2480328.1743183136,1181.6713550825696,2099,216,0.65999985,5.3921556,0.09000015,0.73529536,1,0.7223031,0.17000008,1.3787516
2025-09-09,12.4,12.67,12.08,12.33,12.336608,0.07276116,2218964.4596881866,1227.9825454832244,1807,216,0.59000015,4.758066,-0.069999695,-0.5645137,0,0.58979875,0.03999996,0.32546756
2025-09-10,12.38,12.65,12.01,12.34,12.34116,0.065333225,2410311.238166809,1242.4284732818603,1940,234,0.6399994,5.1696234,-0.03999996,-0.32310146,0,0.5293929,0.10999966,0.8914073
2025-09-11,12.44,13.1,12.28,12.92,12.644959,0.14641938,2472045.1808338165,1335.5187362689446,1851,245,0.82000065,6.5916457,0.4800005,3.858525,1,1.1579268,0.22000027,1.7322855
2025-09-12,12.68,13.0,12.5,12.69,12.717072,0.07972424,2005215.8458747864,1165.1457558830832,1721,218,0.5,3.9432175,0.009999275,0.07885864,1,0.6269072,0.059999466,0.47505516
2025-09-13,12.71,12.88,12.28,12.68,12.631577,0.06906348,1478981.16771698,921.483593593134,1605,182,0.6000004,4.7206955,-0.029999733,-0.2360325,0,0.54675263,0.05000019,0.3958843
2025-09-14,12.59,12.89,12.41,12.66,12.654777,0.062202007,1134604.3153629303,906.2334787243852,1252,160,0.4800005,3.8125534,0.069999695,0.5559944,1,0.49152988,0.09000015,0.7109017
2025-09-15,12.74,12.98,12.46,12.78,12.706132,0.07015015,2017671.4056453705,1180.6152168785081,1709,214,0.5199995,4.081629,0.03999996,0.31397146,1,0.55209684,0.119999886,0.9478664
2025-09-16,12.68,13.0,12.5,12.76,12.746467,0.055544484,2355767.9659557343,1333.9569456147985,1766,211,0.5,3.9432175,0.07999992,0.6309142,1,0.43576378,0.05000019,0.3933925
2025-09-17,12.76,13.0,12.5,12.74,12.733878,0.06080032,2345854.1646327972,1309.0704043709807,1792,217,0.5,3.9184954,-0.020000458,-0.15674339,0,0.47746903,0.059999466,0.4731819
2025-09-18,12.67,12.97,12.4,12.67,12.642794,0.07534552,1995294.4048786163,1287.2867128249138,1550,213,0.57000065,4.4988213,0.0,0.0,1,0.5959563,0.10999966,0.8757934
2025-09-19,12.66,12.9,12.32,12.67,12.576563,0.062715374,1865976.2588729858,1141.2698831027437,1635,183,0.5799999,4.581358,0.010000229,0.07899075,1,0.4986686,0.15999985,1.2789756
2025-09-20,12.48,12.8,12.27,12.68,12.513457,0.06978013,1308001.1829357147,898.9698851791853,1455,189,0.52999973,4.246793,0.20000076,1.6025703,1,0.55764073,0.20000076,1.6025703
2025-09-21,12.57,12.8,12.35,12.62,12.555907,0.081441134,870362.6988353729,721.0958565330347,1207,162,0.4499998,3.5799508,0.05000019,0.397774,1,0.64862806,0.069999695,0.5577665
2025-09-22,12.69,12.9,12.42,12.51,12.642134,0.05431925,2025417.8943767548,1155.4009665583312,1753,203,0.47999954,3.7825027,-0.17999935,-1.4184346,0,0.42966837,0.15999985,1.2789756
2025-09-23,12.65,12.82,12.32,12.62,12.59414,0.058224328,2063901.1039466858,1191.6288129022435,1732,204,0.5,3.9525692,-0.029999733,-0.23715205,0,0.46231285,0.09000015,0.7182774
2025-09-24,12.63,12.8,12.37,12.57,12.569445,0.050888937,1699349.0504322052,1110.6856538772583,1530,196,0.4300003,3.4045947,-0.06000042,-0.4750627,0,0.40486225,0.03999996,0.31923354
2025-09-25,12.57,13.66,12.32,12.61,12.55439,0.06293093,1885391.773475647,1217.1670584090684,1549,188,1.3400002,10.660304,0.03999996,0.31821766,1,0.5012663,0.07999992,0.6384671
2025-09-26,12.6,12.85,12.4,12.59,12.574972,0.051144212,1333710.7558765411,923.6224071167183,1444,175,0.45000076,3.5714347,-0.010000229,-0.07936689,0,0.40671435,0.05000019,0.3987256
2025-09-27,12.59,12.82,12.36,12.73,12.573297,0.046798512,1229920.0397281647,919.2227501705266,1338,157,0.46000004,3.6536937,0.13999939,1.1119888,1,0.3722056,0.20999908,1.677309
2025-09-28,12.6,12.82,12.4,12.6,12.587296,0.0522948,832444.9228610992,717.0068241697668,1161,129,0.42000008,3.333334,0.0,0.0,1,0.41545698,0.07000065,0.55866444
2025-09-29,12.77,12.81,12.38,12.56,12.587167,0.05377097,1938526.7261371613,1245.839798288664,1556,189,0.4300003,3.3672695,-0.21000004,-1.6444795,0,0.4271888,0.049999237,0.3980831
2025-09-30,12.6,12.8,12.4,12.6,12.5792885,0.050731447,2263144.211997986,1288.8064988599008,1756,206,0.40000057,3.1746075,0.0,0.0,1,0.40329346,0.09000015,0.7194257
2025-10-01,12.58,12.82,12.4,12.62,12.553166,0.051288504,2184562.6592178345,1166.3441853805843,1873,196,0.42000008,3.3386335,0.03999996,0.31796473,1,0.40857023,0.10999966,0.8792938
2025-10-02,12.51,12.8,12.4,12.56,12.541446,0.043814413,1892831.844833374,1237.9541169610034,1529,196,0.40000057,3.1974463,0.05000019,0.39968178,1,0.34935695,0.03999996,0.3194885
2025-10-03,12.57,12.74,12.39,12.49,12.512677,0.0465057,1801282.951889038,1134.3091636580843,1588,172,0.34999943,2.7844028,-0.07999992,-0.63643533,0,0.37166867,0.029999733,0.24076833
2025-10-04,12.5,12.74,12.13,12.48,12.403961,0.06907902,1762148.4167556763,1095.8634432560175,1608,185,0.60999966,4.8799973,-0.020000458,-0.16000366,0,0.556911,0.09999943,0.80774987
2025-10-05,12.37,12.62,12.18,12.41,12.393708,0.052691113,1248683.7906799316,948.8478652583067,1316,167,0.43999958,3.5569894,0.03999996,0.32336268,1,0.42514405,0.03999996,0.32336268
2025-10-06,12.37,12.65,12.15,12.34,12.337032,0.06896844,2139830.121416092,1182.2265864177302,1810,208,0.5,4.042037,-0.029999733,-0.24252008,0,0.5590359,0.06000042,0.4886028
2025-10-07,12.32,12.84,12.11,12.57,12.387593,0.13876243,2208259.5820617676,1135.3519702117057,1945,224,0.7300005,5.925329,0.25,2.0292208,1,1.1201726,0.069999695,0.55999756
2025-10-08,12.54,12.86,12.31,12.62,12.596806,0.06885256,2398390.0814113617,1216.2221508171206,1972,216,0.54999924,4.385959,0.07999992,0.63795793,1,0.54658747,0.059999466,0.47770274
2025-10-09,12.58,12.86,12.37,12.58,12.606217,0.056040492,2026810.32478714,1192.241367521847,1700,196,0.48999977,3.8950696,0.0,0.0,1,0.44454643,0.19000053,1.5103381
2025-10-10,12.66,13.3,12.4,12.85,12.774425,0.17158236,2448109.8093299866,1187.8262054002846,2061,234,0.9000006,7.1090093,0.19000053,1.500794,1,1.3431709,0.17000008,1.3229578
2025-10-11,13.08,13.27,12.63,12.94,12.906115,0.08531298,1874097.3880558014,1055.2350157971855,1776,204,0.64000034,4.892969,-0.14000034,-1.0703391,0,0.66102755,0.09999943,0.77881175
2025-10-12,12.91,13.29,12.7,13.05,12.971839,0.08555784,1146007.6199321747,874.8149770474616,1310,166,0.59000015,4.5701017,0.14000034,1.0844333,1,0.659566,0.06000042,0.46189702
2025-10-13,13.06,13.3,12.65,12.92,12.911053,0.07152285,2151529.6051368713,1212.129355006688,1775,220,0.6500006,4.977033,-0.14000034,-1.0719781,0,0.55396605,0.03999996,0.3105587
2025-10-14,12.96,13.25,12.7,12.96,12.929994,0.06323633,2126570.2914943695,1178.8083655733756,1804,223,0.5500002,4.243829,0.0,0.0,1,0.48906702,0.119999886,0.9345786
2025-10-15,12.96,13.2,12.65,12.82,12.887231,0.046887428,2539238.6756210327,1323.8992052247304,1918,229,0.5500002,4.243829,-0.14000034,-1.0802495,0,0.36382857,0.07000065,0.54602695
2025-10-16,12.9,13.05,12.55,12.92,12.832553,0.087341785,2347468.0153713226,1275.1048426786108,1841,213,0.5,3.875969,0.020000458,0.1550423,1,0.68062675,0.069999695,0.5447447
2025-10-17,12.92,13.1,12.52,12.79,12.822244,0.083713986,2605895.1711502075,1372.9690048209734,1898,209,0.5799999,4.4891634,-0.13000011,-1.0061928,0,0.65288097,0.10000038,0.7880251
2025-10-18,12.77,13.13,12.5,13.13,12.794934,0.07691088,2086533.8023586273,1159.185445754793,1800,189,0.6300001,4.9334383,0.35999966,2.8191044,1,0.6011042,0.22000027,1.7041074
2025-10-19,13.11,14.14,12.6,13.21,12.987596,0.23420784,1666453.1971797943,1122.1907051715787,1485,220,1.54,11.746758,0.10000038,0.7627795,1,1.8033196,0.09000015,0.68597674
2025-10-20,13.29,13.4,12.6,12.78,12.861544,0.12040513,1875101.468328476,1022.4108333306848,1834,206,0.79999924,6.019558,-0.5100002,-3.8374736,0,0.93616384,0.05000019,0.3912378
2025-10-21,12.77,13.08,12.55,12.83,12.794407,0.058875218,2099548.5942878723,1203.1797101936231,1745,207,0.52999973,4.15035,0.059999466,0.46984702,1,0.46016374,0.10000038,0.785549
2025-10-22,12.84,13.08,12.6,12.8,12.809188,0.043244593,1975920.4130363464,1136.8932180876561,1738,197,0.47999954,3.7383144,-0.03999996,-0.31152618,0,0.33760604,0.06000042,0.47096094
2025-10-23,12.8,13.0,12.4,12.71,12.72333,0.08536991,2217963.7363815308,1316.2989533421548,1685,212,0.6000004,4.687503,-0.09000015,-0.7031262,0,0.67097145,0.10000038,0.7930244
2025-10-24,12.58,12.9,12.36,12.62,12.624106,0.067152,1934209.8960475922,1164.485187265257,1661,188,0.53999996,4.2925277,0.03999996,0.31796473,1,0.5319347,0.09000015,0.7182774
2025-10-25,12.62,12.79,12.3,12.57,12.545451,0.055832133,1688020.8331375122,1142.8712478926961,1477,199,0.48999977,3.882724,-0.05000019,-0.39619803,0,0.44503888,0.09000015,0.7211551
2025-10-26,12.57,12.9,12.31,12.62,12.600472,0.08438416,1382304.5958824158,1146.189548824557,1206,162,0.5899992,4.693709,0.05000019,0.397774,1,0.66969043,0.069999695,0.5577665
2025-10-27,12.62,12.86,12.37,12.54,12.550367,0.05591735,2091502.5690250397,1240.5116067764175,1686,209,0.48999977,3.882724,-0.07999992,-0.6339138,0,0.4455435,0.09000015,0.7228928
2025-10-28,12.29,12.82,12.1,12.32,12.3956585,0.10798093,2485505.5358200073,1423.5426894730856,1746,210,0.7199993,5.8584156,0.029999733,0.24409872,1,0.8711189,0.13999939,1.1494203
2025-10-29,12.46,12.52,11.81,12.04,12.107135,0.10558937,2568139.295448303,1362.408114296182,1885,202,0.71000004,5.6982346,-0.42000008,-3.3707871,0,0.8721251,0.06000042,0.5008382
2025-10-30,12.05,12.35,11.73,11.91,12.031323,0.08101872,2408460.0144786835,1274.9920669553644,1889,198,0.62000084,5.145235,-0.14000034,-1.1618285,0,0.67339826,0.15999985,1.3617008
2025-10-31,11.95,12.15,11.08,11.47,11.49355,0.21736266,2908787.7304058075,1285.9362203385533,2262,237,1.0699997,8.953972,-0.47999954,-4.0167327,0,1.8911706,0.14000034,1.2356607
2025-11-01,11.51,11.7,11.14,11.3,11.398965,0.09204771,1674438.2669010162,1019.7553391601804,1642,173,0.55999947,4.8653297,-0.21000004,-1.8245008,0,0.80750936,0.14999962,1.3274302
2025-11-02,11.3,11.65,11.15,11.46,11.4051,0.07288078,1271500.1243534088,1013.1475094449472,1255,139,0.5,4.424779,0.15999985,1.4159278,1,0.63901925,0.09000015,0.7915581
2025-11-03,11.45,11.99,11.26,11.51,11.493078,0.085848905,1936681.5770378113,1187.4197284106751,1631,190,0.72999954,6.375542,0.06000042,0.52402115,1,0.74696183,0.07999992,0.69991183
2025-11-04,11.51,11.68,11.13,11.45,11.432548,0.076052174,2898694.4515457153,1380.3306912122455,2100,219,0.5500002,4.7784553,-0.06000042,-0.52128947,0,0.6652251,0.09999943,0.8810522
2025-11-05,11.34,11.6,11.0,11.23,11.309862,0.117458306,2900949.274652481,1478.5674182734358,1962,224,0.6000004,5.2910085,-0.11000061,-0.97002304,0,1.0385476,0.09999943,0.8984675
2025-11-06,11.28,11.48,10.42,10.65,10.783241,0.19284995,3182476.398727417,1388.5150081707752,2292,238,1.0599995,9.397159,-0.6300001,-5.585108,0,1.7884228,0.049999237,0.4716909
2025-11-07,10.65,11.11,10.43,10.62,10.6357765,0.07038803,3000598.908498764,1468.721932696409,2043,224,0.67999935,6.384971,-0.029999733,-0.28168765,0,0.6618043,0.05000019,0.4708116
2025-11-08,10.58,10.9,10.41,10.6,10.638132,0.071691945,2539010.30059433,1306.0752575073714,1944,228,0.48999977,4.6313777,0.020000458,0.18904024,1,0.6739148,0.03999996,0.3787875
2025-11-09,10.6,10.7,10.26,10.6,10.482914,0.07533017,1889697.8942432404,1110.2807839266982,1702,182,0.43999958,4.1509395,0.0,0.0,1,0.7185995,0.10000038,0.9523846
2025-11-10,10.55,10.68,9.98,10.21,10.296232,0.13971119,3503381.039203644,1575.261258634732,2224,234,0.70000076,6.635078,-0.34000015,-3.2227502,0,1.3569157,0.09000015,0.8893296
2025-11-11,10.08,10.35,9.8,9.94,10.090466,0.093757026,3581405.5367774963,1543.7092830937484,2320,255,0.5500002,5.4563513,-0.14000034,-1.3888923,0,0.9291645,0.17000008,1.7102623
2025-11-12,9.94,10.31,9.89,9.98,10.091163,0.06424245,3162258.077287674,1452.576057550608,2177,234,0.42000008,4.2253532,0.03999996,0.4024141,1,0.63662094,0.17000008,1.7034076
2025-11-13,10.16,10.85,9.98,10.54,10.331482,0.17983367,3046028.9040145874,1485.1432979105741,2051,243,0.87000084,8.563001,0.3800001,3.7401586,1,1.7406377,0.13000011,1.2488004
2025-11-14,10.57,10.97,10.35,10.7,10.648003,0.09771647,2734772.114107132,1397.430819676613,1957,234,0.6199999,5.8656564,0.13000011,1.229897,1,0.91769767,0.19999981,1.9047601
2025-11-15,10.61,10.79,10.13,10.33,10.406248,0.10503128,2193213.710418701,1235.6133579823668,1775,200,0.65999985,6.2205453,-0.27999973,-2.6390173,0,1.0093098,0.069999695,0.677635
2025-11-16,10.32,10.71,10.18,10.37,10.391091,0.07032766,1293536.190776825,960.3089760778211,1347,162,0.52999973,5.1356564,0.05000019,0.484498,1,0.6768073,0.17000008,1.639345
2025-11-17,10.52,10.83,10.22,10.5,10.4653,0.058060974,2795810.8833904266,1444.117191833898,1936,220,0.60999966,5.7984753,-0.020000458,-0.1901184,0,0.55479515,0.069999695,0.671138
2025-11-18,10.6,10.83,9.99,10.19,10.380992,0.1420351,3098849.319507599,1636.1400842173173,1894,240,0.84000015,7.924529,-0.4100008,-3.867932,0,1.3682227,0.19999981,2.002
2025-11-19,10.13,10.56,9.95,10.36,10.296743,0.10516912,2549409.879863739,1303.3792841839156,1956,217,0.6100006,6.0217237,0.22999954,2.2704792,1,1.0213823,0.17000008,1.6409274
2025-11-20,10.52,10.6,10.2,10.42,10.405666,0.054773554,2363261.222595215,1323.2145703220688,1786,209,0.40000057,3.8022864,-0.10000038,-0.9505739,0,0.52638197,0.03999996,0.3853561
2025-11-21,10.43,10.6,10.2,10.33,10.394104,0.058219448,2336199.3170871735,1246.637842629228,1874,207,0.40000057,3.8350966,-0.10000038,-0.95877635,0,0.5601199,0.069999695,0.677635
2025-11-22,10.44,10.6,10.2,10.43,10.389418,0.050633054,1899083.729499817,1095.203996251336,1734,184,0.40000057,3.831423,-0.009999275,-0.0957785,0,0.48735222,0.09000015,0.87040764
2025-11-23,10.39,10.6,10.2,10.4,10.377155,0.043282222,1816728.8582324982,1233.3529248014245,1473,165,0.40000057,3.8498611,0.009999275,0.09623941,1,0.41709143,0.03999996,0.38610002
2025-11-24,10.42,10.68,10.25,10.45,10.411949,0.04731571,2605032.177186966,1384.1828784202794,1882,203,0.4300003,4.1266823,0.029999733,0.2879053,1,0.4544366,0.03999996,0.38277477
2025-11-25,10.49,10.7,10.27,10.35,10.416764,0.055990167,2834702.872200012,1479.4900168058518,1916,234,0.42999935,4.099136,-0.13999939,-1.3345985,0,0.53750056,0.049999237,0.48308438
2025-11-26,10.32,10.6,10.2,10.36,10.36271,0.050695825,2723972.123653412,1400.4998065056102,1945,221,0.40000057,3.8759747,0.03999996,0.38759655,1,0.48921397,0.049999237,0.48495862
2025-11-27,10.35,10.5,10.05,10.19,10.25681,0.06452657,2713595.290233612,1447.2508214579263,1875,212,0.4499998,4.347824,-0.1600008,-1.5459014,0,0.62910956,0.08000088,0.78509206
2025-11-28,10.27,10.44,10.0,10.2,10.204636,0.051690772,2556103.3053188324,1341.7865119783896,1905,193,0.43999958,4.284319,-0.07000065,-0.6816032,0,0.5065421,0.03999996,0.39370042
2025-11-29,10.2,10.4,10.0,10.14,10.135511,0.047957867,2310179.1537456512,1147.0601557823493,2014,194,0.39999962,3.921565,-0.059999466,-0.5882301,0,0.47316673,0.06000042,0.59524226
2025-11-30,10.14,10.3,9.95,10.16,10.116616,0.03843793,1644773.1969795227,1082.7999980115358,1519,163,0.35000038,3.45168,0.019999504,0.19723377,1,0.37994847,0.059999466,0.5940541
2025-12-01,10.17,10.4,9.85,10.03,10.115343,0.082007684,2966693.1466026306,1367.7700076545093,2169,245,0.54999924,5.4080553,-0.14000034,-1.3766012,0,0.8107257,0.17000008,1.7241389
2025-12-02,10.03,10.18,9.45,9.76,9.805989,0.1225677,3500377.2348098755,1479.4493807311392,2366,244,0.7300005,7.2781706,-0.2699995,-2.6919193,0,1.2499269,0.11000061,1.1399028
2025-12-03,9.76,9.95,9.48,9.9,9.686545,0.059395835,2840664.3994426727,1378.2942258334172,2061,236,0.47000027,4.815576,0.13999939,1.43442,1,0.61317873,0.22999954,2.3784854
2025-12-04,9.7,9.98,9.6,9.66,9.747636,0.06513117,74661.17702102661,678.7379729184238,110,40,0.37999916,3.9175172,-0.03999996,-0.41237074,0,0.668174,0.05000019,0.5176003
